us_state,county,percent_pop_per_100k,cancer_classification
AL,Shelby,10.18467379,low
AL,Hale,13.60798335,low
AL,Monroe,15.27672968,low
AL,Coosa,16.78372708,low
AL,Perry,14.08042407,low
AL,Lauderdale,17.83077601,low
AL,Madison,13.46218568,low
AL,Randolph,17.21506407,low
AL,Pickens,18.64062268,medium
AL,Wilcox,17.22526617,low
AL,Tuscaloosa,12.35291818,low
AL,Sumter,16.45563834,low
AL,Mobile,16.02894082,low
AL,Pike,13.14311659,low
AL,Washington,13.37552995,low
AL,Dale,19.344943,medium
AL,St. Clair,18.21766652,medium
AL,Winston,21.68419472,medium
AL,Henry,22.67865284,medium
AL,Tallapoosa,22.87576887,medium
AL,Marion,21.6916853,medium
AL,Marshall,18.98794266,medium
AL,Escambia,18.43828769,medium
AL,Morgan,18.65477592,medium
AL,Talladega,19.48045527,medium
AL,Cullman,19.22648852,medium
AL,Marengo,17.01507049,low
AL,Butler,15.27474707,low
AL,Coffee,16.69239751,low
AL,Clarke,16.24220374,low
AL,DeKalb,15.3574834,low
AL,Lee,8.848395368,low
AL,Choctaw,18.80782648,medium
AL,Jefferson,14.15427738,low
AL,Montgomery,11.96010251,low
AL,Geneva,23.94163661,medium
AL,Lamar,26.55966643,medium
AL,Walker,25.4529767,medium
AL,Russell,15.93614598,low
AL,Lowndes,20.04896574,medium
AL,Colbert,19.76146661,medium
AL,Jackson,22.46907636,medium
AL,Elmore,16.15852152,low
AL,Conecuh,23.73192418,medium
AL,Dallas,18.34952409,medium
AL,Bullock,19.16700209,medium
AL,Cleburne,21.42560628,medium
AL,Crenshaw,24.80065751,medium
AL,Franklin,16.46632636,low
AL,Lawrence,21.5049888,medium
AL,Fayette,20.40595854,medium
AL,Greene,18.29096708,medium
AL,Limestone,15.41504911,low
AL,Chilton,16.42837911,low
AL,Houston,16.09452364,low
AL,Macon,18.99747045,medium
AL,Etowah,19.72566216,medium
AL,Bibb,19.51219512,medium
AL,Barbour,17.10276164,low
AL,Calhoun,19.90466531,medium
AL,Chambers,20.51173236,medium
AL,Blount,18.95846499,medium
AL,Covington,23.88327052,medium
AL,Cherokee,23.20957472,medium
AL,Clay,25.96356148,medium
AL,Baldwin,20.28698615,medium
AL,Autauga,15.70269563,low
AK,Bethel,6.233789365,low
AK,Juneau  and Borough,9.252120278,low
AK,Fairbanks North Star Borough,7.596627098,low
AK,Sitka  and Borough,13.1776253,low
AK,Ketchikan Gateway Borough,12.74900398,low
AK,Prince of Wales-Hyder,14.64354528,low
AK,North Slope Borough,13.08820221,low
AK,Kodiak Island Borough,11.30631414,low
AK,Anchorage,8.441961515,low
AK,Nome,11.72617363,low
AK,Yukon-Koyukuk,15.37729286,low
AK,Dillingham,12.87519112,low
AK,Kenai Peninsula Borough,15.12519727,low
AK,Matanuska-Susitna Borough,10.68061212,low
AK,Southeast Fairbanks,12.19370573,low
AK,Valdez-Cordova,14.85726414,low
AZ,Apache,4.188411503,low
AZ,Coconino,5.381744088,low
AZ,Santa Cruz,7.283633248,low
AZ,Pinal,11.85005702,low
AZ,Navajo,8.514986376,low
AZ,La Paz,25.45171945,medium
AZ,Greenlee,10.6512153,low
AZ,Mohave,29.78725067,medium
AZ,Yavapai,19.98813374,medium
AZ,Graham,9.74705337,low
AZ,Yuma,11.69381626,low
AZ,Gila,15.63139957,low
AZ,Maricopa,10.2271513,low
AZ,Cochise,14.97869871,low
AZ,Pima,12.76257051,low
AR,Izard,20.11596261,medium
AR,Lee,15.41056665,low
AR,Sevier,13.45754493,low
AR,Benton,12.61711648,low
AR,Columbia,14.80828266,low
AR,Montgomery,24.7278829,medium
AR,Saline,19.27964245,medium
AR,Scott,21.5896824,medium
AR,Chicot,21.43389098,medium
AR,Little River,23.0407373,medium
AR,Drew,16.3678458,low
AR,Crittenden,16.71603035,low
AR,Boone,21.47397354,medium
AR,Carroll,22.73348585,medium
AR,Faulkner,14.34561725,low
AR,Clark,21.34281903,medium
AR,Craighead,16.87145675,low
AR,Cross,22.13523463,medium
AR,Desha,21.18398623,medium
AR,Bradley,22.92075966,medium
AR,Jefferson,22.05997626,medium
AR,Hot Spring,21.98130395,medium
AR,Ashley,25.01948633,medium
AR,Dallas,25.3492118,medium
AR,Independence,24.25575266,medium
AR,Cleburne,29.80437919,medium
AR,Hempstead,18.59608579,medium
AR,Howard,19.35589536,medium
AR,Lincoln,15.32788663,low
AR,Newton,25.83063209,medium
AR,Polk,23.34022331,medium
AR,St. Francis,17.97187402,low
AR,Union,19.68602292,medium
AR,Pulaski,15.16647264,low
AR,Washington,11.7144039,low
AR,Cleveland,32.19064549,medium
AR,Clay,33.97419015,medium
AR,Calhoun,34.71150879,high
AR,Lawrence,33.10824491,medium
AR,Crawford,20.92508177,medium
AR,Conway,23.4900931,medium
AR,Arkansas,22.0514388,medium
AR,Marion,34.67135462,high
AR,Fulton,28.05326821,medium
AR,Grant,21.0442372,medium
AR,Garland,25.18480422,medium
AR,Johnson,22.35098704,medium
AR,Lafayette,27.28900765,medium
AR,Mississippi,22.4250278,medium
AR,Nevada,27.66770616,medium
AR,Franklin,25.84414855,medium
AR,Perry,30.2395906,medium
AR,Baxter,34.26474382,high
AR,Pike,26.79538238,medium
AR,Ouachita,25.10769231,medium
AR,Jackson,29.40973738,medium
AR,Stone,30.22653826,medium
AR,Sebastian,18.02862909,low
AR,Van Buren,33.42285885,medium
AR,Poinsett,32.20424797,medium
AR,Searcy,26.73796791,medium
AR,Miller,19.93917637,medium
AR,Madison,21.8645154,medium
AR,Woodruff,30.73104426,medium
AR,Greene,21.2715884,medium
AR,Pope,18.11857248,medium
AR,Phillips,20.08484824,medium
AR,Lonoke,19.10155661,medium
AR,Randolph,30.56116224,medium
AR,Prairie,26.49453249,medium
AR,Yell,20.52609681,medium
AR,Logan,27.87047563,medium
AR,Monroe,31.32341425,medium
AR,White,19.75396412,medium
AR,Sharp,34.16105169,high
CA,Mono,5.658028743,low
CA,Marin,10.53633806,low
CA,Imperial,6.943056887,low
CA,Modoc,13.31557923,low
CA,Monterey,7.045129151,low
CA,Calaveras,17.04886008,low
CA,Alameda,8.43827687,low
CA,Fresno,7.953336028,low
CA,Lassen,9.666259666,low
CA,El Dorado,13.13679363,low
CA,Contra Costa,9.437091907,low
CA,Los Angeles,7.3699683,low
CA,Placer,12.26049057,low
CA,Ventura,8.817007364,low
CA,Santa Cruz,7.847382348,low
CA,Del Norte,13.85738562,low
CA,Butte,15.15391079,low
CA,Amador,22.2116112,medium
CA,Humboldt,13.97597197,low
CA,Kern,7.833720606,low
CA,Madera,9.364477157,low
CA,Glenn,14.36100699,low
CA,Inyo,16.2999185,low
CA,Colusa,11.40613313,low
CA,Kings,7.152169069,low
CA,Napa,11.97826273,low
CA,Riverside,9.236230287,low
CA,San Benito,7.445075492,low
CA,San Diego,8.849930259,low
CA,Orange,8.424088243,low
CA,San Mateo,9.29868196,low
CA,Santa Barbara,8.708717417,low
CA,Santa Clara,7.842166392,low
CA,Tulare,6.779382639,low
CA,Stanislaus,9.751307945,low
CA,San Joaquin,9.632246479,low
CA,Lake,24.23735113,medium
CA,Siskiyou,17.28656154,low
CA,Mendocino,14.4303119,low
CA,Nevada,13.97561761,low
CA,Mariposa,15.90276595,low
CA,Solano,11.52185766,low
CA,Sutter,12.11488601,low
CA,Merced,8.223233787,low
CA,San Bernardino,7.303574776,low
CA,Sacramento,10.8827102,low
CA,San Luis Obispo,11.96557004,low
CA,San Francisco,10.49978708,low
CA,Tehama,16.59036366,low
CA,Yuba,13.42152168,low
CA,Sonoma,11.26000495,low
CA,Shasta,18.46077421,medium
CA,Plumas,18.16530427,medium
CA,Trinity,21.47239264,medium
CA,Tuolumne,17.31563126,low
CA,Yolo,8.389538528,low
CO,Summit,2.802353977,low
CO,La Plata,5.431531508,low
CO,Pitkin,5.614066605,low
CO,Eagle,3.411868109,low
CO,Clear Creek,6.911148546,low
CO,Rio Grande,9.093134683,low
CO,Routt,5.72597137,low
CO,Yuma,8.323094606,low
CO,Teller,10.93953801,low
CO,Jefferson,10.0560946,low
CO,Broomfield,7.403259923,low
CO,Park,9.221384153,low
CO,Boulder,6.052903128,low
CO,Otero,10.47200375,low
CO,Alamosa,5.13818035,low
CO,Pueblo,13.02263417,low
CO,Weld,8.425111863,low
CO,Prowers,14.55917145,low
CO,Adams,8.232901079,low
CO,Montrose,13.19132304,low
CO,El Paso,8.237171404,low
CO,Custer,16.8791365,low
CO,Moffat,8.891069074,low
CO,Montezuma,11.63431036,low
CO,Grand,6.74609064,low
CO,Las Animas,11.01943942,low
CO,Gunnison,5.672499476,low
CO,Archuleta,11.11234582,low
CO,Kit Carson,11.71705851,low
CO,Lincoln,14.5122084,low
CO,Logan,11.0715406,low
CO,Morgan,10.78289492,low
CO,Larimer,8.137408718,low
CO,Gilpin,12.40011022,low
CO,Huerfano,17.23607264,low
CO,Delta,15.22009582,low
CO,Fremont,16.71674546,low
CO,Baca,19.00821826,medium
CO,Mesa,14.37986496,low
CO,Garfield,9.589778262,low
CO,Arapahoe,8.725150437,low
CO,Bent,16.60267718,low
CO,Elbert,9.100659798,low
CO,Denver,7.623293987,low
CO,Douglas,5.938279244,low
CO,Chaffee,11.68335971,low
CT,Fairfield,12.3444596,low
CT,Tolland,12.59896593,low
CT,Hartford,14.92851905,low
CT,Middlesex,18.67413632,medium
CT,Litchfield,18.45964071,medium
CT,Windham,18.51953468,medium
CT,New Haven,16.4669051,low
CT,New London,17.41446956,low
DE,New Castle,14.83697771,low
DE,Sussex,24.25002652,medium
DE,Kent,18.48277043,medium
FL,Collier,14.33556456,low
FL,Miami-Dade,10.41954968,low
FL,Broward,11.74992695,low
FL,Orange,9.105891633,low
FL,Palm Beach,16.82915946,low
FL,Walton,18.60600059,medium
FL,Charlotte,30.07640564,medium
FL,Gadsden,16.58828485,low
FL,Sarasota,25.74110672,medium
FL,Osceola,10.4284017,low
FL,St. Lucie,20.26544788,medium
FL,Glades,20.37619938,medium
FL,Hendry,11.27412892,low
FL,DeSoto,18.17046797,medium
FL,Leon,9.609070291,low
FL,Washington,20.41599634,medium
FL,Wakulla,17.6032927,low
FL,Volusia,23.76592226,medium
FL,Taylor,23.62690962,medium
FL,Suwannee,24.93014081,medium
FL,Calhoun,22.98850575,medium
FL,Bay,20.47180525,medium
FL,Clay,18.05070141,low
FL,Bradford,19.85548788,medium
FL,Citrus,32.30757033,medium
FL,Dixie,29.9129582,medium
FL,Holmes,17.06624995,low
FL,Hillsborough,13.06405579,low
FL,Lee,19.56153466,medium
FL,Flagler,25.8288343,medium
FL,Manatee,19.76497844,medium
FL,Jefferson,16.46674711,low
FL,Monroe,16.89189189,low
FL,Sumter,32.20435187,medium
FL,Martin,22.38674581,medium
FL,Union,49.98887682,
FL,Columbia,24.64679738,medium
FL,Escambia,19.56410149,medium
FL,Polk,19.34282284,medium
FL,Highlands,28.57898074,medium
FL,Nassau,23.85077974,medium
FL,Putnam,29.44523628,medium
FL,Baker,16.42776146,low
FL,Hardee,15.56351677,low
FL,Brevard,23.20366325,medium
FL,Lafayette,22.36881149,medium
FL,Liberty,16.29757454,low
FL,Lake,23.77916817,medium
FL,Madison,19.00627423,medium
FL,Alachua,12.24696348,low
FL,Hamilton,21.85669852,medium
FL,Okeechobee,24.20174093,medium
FL,Gilchrist,19.59157332,medium
FL,Seminole,12.88377718,low
FL,Jackson,16.21846353,low
FL,Indian River,27.67026137,medium
FL,Levy,30.73465912,medium
FL,Pasco,23.4029365,medium
FL,Santa Rosa,16.70567057,low
FL,Gulf,21.00210021,medium
FL,Okaloosa,16.23676971,low
FL,St. Johns,17.51563959,low
FL,Pinellas,22.18200972,medium
FL,Duval,15.84835438,low
FL,Marion,27.73453357,medium
FL,Franklin,21.8926916,medium
FL,Hernando,28.04964586,medium
GA,Fayette,11.5332724,low
GA,Macon,13.48360716,low
GA,Oconee,11.22927171,low
GA,DeKalb,8.713352724,low
GA,Gwinnett,7.414141314,low
GA,Union,26.0578124,medium
GA,Rockdale,11.65635963,low
GA,Stewart,13.52813853,low
GA,Talbot,19.90359198,medium
GA,Pulaski,16.85008688,low
GA,Morgan,15.77760247,low
GA,Meriwether,17.78282255,low
GA,Long,9.06525853,low
GA,Dooly,14.53219165,low
GA,Schley,12.34901401,low
GA,Banks,15.90812513,low
GA,Washington,17.36670081,low
GA,Wheeler,14.59486663,low
GA,Whitfield,14.48038583,low
GA,Wilkes,20.21876706,medium
GA,Sumter,16.43128203,low
GA,Tattnall,13.69830661,low
GA,Rabun,24.01695891,medium
GA,Marion,18.28925155,medium
GA,Muscogee,13.14002185,low
GA,Jenkins,17.46764008,low
GA,Cherokee,11.74838121,low
GA,Early,17.29704797,low
GA,Columbia,11.08079514,low
GA,Clarke,8.401126205,low
GA,Cobb,9.765010107,low
GA,Fulton,9.240308933,low
GA,Hancock,17.09638666,low
GA,Forsyth,9.482907107,low
GA,Telfair,13.52447931,low
GA,Bacon,18.17469085,medium
GA,Baldwin,17.73578942,low
GA,Bleckley,19.75571897,medium
GA,Bibb,16.84453508,low
GA,Berrien,21.27794046,medium
GA,Atkinson,16.46688461,low
GA,Ben Hill,19.90510358,medium
GA,Appling,19.10219675,medium
GA,Bartow,17.86752285,low
GA,Troup,16.74145668,low
GA,Towns,30.34467986,medium
GA,Treutlen,19.54860494,medium
GA,Walton,16.15538046,low
GA,Toombs,18.88574127,medium
GA,Wayne,18.11825179,medium
GA,Upson,22.23948575,medium
GA,Warren,25.92400563,medium
GA,Wilcox,20.25248093,medium
GA,Walker,20.91343353,medium
GA,Jefferson,17.57006062,low
GA,McDuffie,17.49520743,low
GA,McIntosh,22.19534751,medium
GA,Jeff Davis,14.40499373,low
GA,Clayton,9.241461701,low
GA,Elbert,20.74129384,medium
GA,Butts,16.64501117,low
GA,Coweta,13.0210599,low
GA,Clay,22.47191011,medium
GA,Evans,14.15032862,low
GA,Catoosa,16.82351405,low
GA,Gilmer,22.23909742,medium
GA,Crisp,18.2732636,medium
GA,Chatham,12.99449314,low
GA,Douglas,11.80126442,low
GA,Hart,17.56573427,low
GA,Henry,10.10677467,low
GA,Charlton,15.98647298,low
GA,Fannin,25.9625747,medium
GA,Harris,15.17935126,low
GA,Greene,21.33473967,medium
GA,Barrow,17.07281288,low
GA,Brantley,24.52549675,medium
GA,Tift,18.99532537,medium
GA,Worth,26.52647361,medium
GA,Wilkinson,25.37460352,medium
GA,Turner,26.43325603,medium
GA,Twiggs,27.30800556,medium
GA,Ware,19.76784019,medium
GA,Pierce,22.63012321,medium
GA,Pike,18.76067851,medium
GA,Putnam,22.61830213,medium
GA,Randolph,21.22845731,medium
GA,Spalding,19.37682631,medium
GA,Taylor,25.66151016,medium
GA,Quitman,30.99974167,medium
GA,Richmond,15.11489105,low
GA,Stephens,20.48267182,medium
GA,Thomas,20.44889339,medium
GA,Screven,22.80599227,medium
GA,Terrell,20.51282051,medium
GA,Glascock,25.15556732,medium
GA,Emanuel,22.04111379,medium
GA,Colquitt,20.03613504,medium
GA,Madison,22.51055619,medium
GA,Peach,16.49637748,low
GA,Mitchell,19.83055499,medium
GA,Montgomery,18.68992524,medium
GA,Miller,24.49729509,medium
GA,Crawford,29.07164546,medium
GA,Murray,20.40060288,medium
GA,Lee,16.98385849,low
GA,Oglethorpe,20.19623095,medium
GA,Paulding,12.99371183,low
GA,Lanier,16.57064683,low
GA,Monroe,22.21261498,medium
GA,Pickens,24.67132387,medium
GA,Newton,13.86640254,low
GA,Lincoln,24.21868961,medium
GA,Laurens,20.79763564,medium
GA,Lumpkin,16.99515511,low
GA,Bryan,14.33905557,low
GA,Chattooga,23.16341467,medium
GA,Clinch,23.64904813,medium
GA,Cook,19.34574102,medium
GA,Coffee,15.17655548,low
GA,Dade,22.37081469,medium
GA,Franklin,25.27153457,medium
GA,Decatur,20.14993925,medium
GA,Burke,18.7376813,medium
GA,Chattahoochee,6.858834359,low
GA,Brooks,22.74673175,medium
GA,Camden,14.0836446,low
GA,Bulloch,11.94198367,low
GA,Candler,19.17015355,medium
GA,Grady,18.08274858,medium
GA,Haralson,21.86903651,medium
GA,Jones,19.48170262,medium
GA,Johnson,16.78951679,low
GA,Lowndes,11.51942234,low
GA,Carroll,17.16974364,low
GA,Habersham,18.0628917,low
GA,Dawson,19.67409435,medium
GA,Dougherty,15.17291438,low
GA,Jasper,19.27457508,medium
GA,Irwin,25.91344908,medium
GA,Gordon,20.56774056,medium
GA,Houston,14.14905806,low
GA,Lamar,19.2377059,medium
GA,Jackson,17.77076959,low
GA,Heard,25.48779858,medium
GA,Dodge,20.12970366,medium
GA,Glynn,18.26290899,medium
GA,Liberty,11.1755884,low
GA,Effingham,15.26167115,low
GA,Hall,13.42121776,low
GA,Floyd,18.83516534,medium
GA,White,22.59649123,medium
GA,Polk,25.0734536,medium
GA,Seminole,25.28385813,medium
HI,Kauai,10.04477827,low
HI,Maui,10.58344276,low
HI,Hawaii,12.38286342,low
HI,Honolulu,11.94499316,low
ID,Owyhee,7.370619308,low
ID,Blaine,7.175646958,low
ID,Bonneville,7.34821679,low
ID,Power,8.809431273,low
ID,Valley,12.26751088,low
ID,Kootenai,16.60410145,low
ID,Fremont,10.53642815,low
ID,Jefferson,6.996829562,low
ID,Ada,10.16368495,low
ID,Canyon,10.67267785,low
ID,Idaho,17.19521482,low
ID,Bonner,18.53284804,medium
ID,Gem,17.10295026,low
ID,Benewah,19.4561132,medium
ID,Cassia,6.975042956,low
ID,Elmore,13.11265447,low
ID,Lewis,26.08650284,medium
ID,Clearwater,26.96545632,medium
ID,Boise,18.33758345,medium
ID,Bannock,7.731824284,low
ID,Boundary,15.88730604,low
ID,Bingham,8.019458202,low
ID,Custer,18.40193705,medium
ID,Caribou,9.314239143,low
ID,Gooding,15.56173922,low
ID,Adams,17.25450393,low
ID,Lemhi,17.55110469,low
ID,Minidoka,9.351620948,low
ID,Washington,19.24580502,medium
ID,Shoshone,27.18912435,medium
ID,Twin Falls,10.57869848,low
ID,Nez Perce,18.48539654,medium
ID,Payette,18.21381974,medium
ID,Latah,9.573958832,low
ID,Jerome,10.17838043,low
IL,Kane,9.966279619,low
IL,Calhoun,17.96064985,low
IL,DuPage,11.58140678,low
IL,Champaign,9.52389165,low
IL,Stephenson,16.67503328,low
IL,Carroll,19.05643427,medium
IL,Cook,12.59497533,low
IL,Douglas,17.58428329,low
IL,Bond,17.09036531,low
IL,Clinton,16.78797216,low
IL,Effingham,16.85432711,low
IL,DeKalb,12.2441303,low
IL,Whiteside,17.82857787,low
IL,Woodford,14.79510323,low
IL,Monroe,13.98054572,low
IL,Crawford,21.85928864,medium
IL,Ford,19.58456973,medium
IL,Fulton,21.39229094,medium
IL,Adams,19.97324904,medium
IL,Cumberland,21.68280627,medium
IL,Boone,15.80797781,low
IL,Coles,17.02134185,low
IL,Bureau,23.80626462,medium
IL,Shelby,23.91383717,medium
IL,Lawrence,18.80227092,medium
IL,Marshall,26.52831646,medium
IL,Wabash,19.65822283,medium
IL,Warren,19.00879443,medium
IL,Will,12.37828048,low
IL,Washington,19.10246506,medium
IL,Rock Island,18.36884141,medium
IL,Stark,17.99856012,low
IL,McHenry,13.05625634,low
IL,McLean,11.67784354,low
IL,Lake,11.43189772,low
IL,Alexander,28.96152255,medium
IL,Hamilton,26.15645435,medium
IL,Edwards,26.80475175,medium
IL,Hardin,45.29342261,high
IL,Christian,28.75225932,medium
IL,Brown,23.15776973,medium
IL,Cass,22.68207805,medium
IL,De Witt,27.22367965,medium
IL,Clay,25.97363825,medium
IL,Williamson,24.75629594,medium
IL,Schuyler,28.48764139,medium
IL,St. Clair,17.97348571,low
IL,White,27.9282329,medium
IL,Saline,24.74456562,medium
IL,Massac,28.2524618,medium
IL,Winnebago,17.7912553,low
IL,Perry,19.54251894,medium
IL,Scott,23.51281448,medium
IL,Clark,20.8335948,medium
IL,Menard,22.86045463,medium
IL,Pike,23.22411269,medium
IL,Richland,26.36601045,medium
IL,McDonough,18.63837718,medium
IL,Piatt,20.20251193,medium
IL,Tazewell,21.56865949,medium
IL,Marion,23.50213086,medium
IL,Morgan,24.60280333,medium
IL,Moultrie,18.20850092,medium
IL,Mercer,24.0686082,medium
IL,Randolph,19.78034054,medium
IL,Ogle,18.44996996,medium
IL,Henderson,25.95529921,medium
IL,Fayette,17.18480059,low
IL,Jasper,18.33982869,medium
IL,Edgar,21.97677712,medium
IL,Hancock,20.60070788,medium
IL,Knox,21.01077386,medium
IL,Jo Daviess,23.95600806,medium
IL,Lee,19.70863492,medium
IL,Kendall,9.466369989,low
IL,Madison,20.62788084,medium
IL,Putnam,30.50682937,medium
IL,Pulaski,35.81460674,high
IL,Sangamon,20.48205401,medium
IL,Peoria,20.27218036,medium
IL,Montgomery,25.23884313,medium
IL,Mason,30.80555076,medium
IL,Logan,28.31569275,medium
IL,Greene,25.19496101,medium
IL,Iroquois,24.8980166,medium
IL,Gallatin,32.16542217,medium
IL,Jefferson,21.80808882,medium
IL,Franklin,31.5545716,medium
IL,Johnson,28.38221381,medium
IL,La Salle,22.5223602,medium
IL,Grundy,17.23870845,low
IL,Kankakee,19.06690441,medium
IL,Jackson,15.45265084,low
IL,Macon,26.57194055,medium
IL,Jersey,20.70728897,medium
IL,Henry,19.98774944,medium
IL,Macoupin,28.35251041,medium
IL,Livingston,22.91900859,medium
IL,Pope,26.99683485,medium
IL,Wayne,22.47245312,medium
IL,Union,27.10246818,medium
IL,Vermilion,23.59676315,medium
IN,Hamilton,7.871807168,low
IN,Dubois,12.55895865,low
IN,LaGrange,10.33762689,low
IN,Boone,11.93844083,low
IN,Union,15.54044679,low
IN,Hendricks,13.64994464,low
IN,Daviess,14.77231107,low
IN,Hancock,16.60426323,low
IN,Decatur,16.49041589,low
IN,Lake,16.78406914,low
IN,Huntington,16.5542948,low
IN,Miami,17.87845979,low
IN,Elkhart,14.77249275,low
IN,Warrick,16.88706451,low
IN,Monroe,10.77317618,low
IN,Carroll,21.01029504,medium
IN,Gibson,18.92733214,medium
IN,Clinton,18.144788,medium
IN,Henry,21.15295977,medium
IN,Marion,15.27263267,low
IN,Howard,21.05237627,medium
IN,Kosciusko,17.27137715,low
IN,Newton,21.96704943,medium
IN,Brown,24.00224021,medium
IN,DeKalb,18.90599207,medium
IN,Franklin,19.92240747,medium
IN,Wells,17.66644883,low
IN,Steuben,18.93367406,medium
IN,Marshall,18.1469561,medium
IN,Ripley,16.63178221,low
IN,Wabash,17.21711155,low
IN,Tippecanoe,10.36989523,low
IN,Orange,18.15011573,medium
IN,Posey,17.50533366,low
IN,Adams,13.82904557,low
IN,Clay,23.51566826,medium
IN,Delaware,19.40967691,medium
IN,Cass,21.66892603,medium
IN,Crawford,27.1872522,medium
IN,Dearborn,21.64117638,medium
IN,Jackson,20.27249151,medium
IN,Fountain,23.62584378,medium
IN,Harrison,23.63083164,medium
IN,Jefferson,25.90256175,medium
IN,Jennings,21.40051275,medium
IN,Fulton,21.69347125,medium
IN,Noble,18.229848,medium
IN,Johnson,15.71598774,low
IN,Jasper,18.40982176,medium
IN,Madison,21.1051183,medium
IN,LaPorte,20.02973785,medium
IN,Montgomery,19.5640461,medium
IN,Jay,18.96345742,medium
IN,Clark,21.57376992,medium
IN,Ohio,27.0407301,medium
IN,Fayette,21.86613823,medium
IN,Morgan,21.09929027,medium
IN,Washington,23.45695002,medium
IN,Wayne,21.55790178,medium
IN,Greene,21.82396567,medium
IN,Switzerland,19.24637244,medium
IN,Shelby,23.17904686,medium
IN,Spencer,19.98758053,medium
IN,Vigo,19.2464585,medium
IN,Vermillion,27.88579615,medium
IN,Knox,20.08458906,medium
IN,Pike,23.17124191,medium
IN,Randolph,22.03830543,medium
IN,Martin,20.36619994,medium
IN,White,19.61139768,medium
IN,Whitley,19.70666921,medium
IN,Warren,19.8355104,medium
IN,Porter,16.24652671,low
IN,St. Joseph,15.43488074,low
IN,Allen,14.31902483,low
IN,Floyd,18.99131527,medium
IN,Grant,24.40512508,medium
IN,Perry,20.82877704,medium
IN,Rush,22.42045509,medium
IN,Owen,24.64089242,medium
IN,Putnam,24.19913651,medium
IN,Sullivan,23.56141292,medium
IN,Starke,28.8929308,medium
IN,Scott,24.79234305,medium
IN,Vanderburgh,19.37892635,medium
IN,Parke,20.8689943,medium
IN,Lawrence,22.59976086,medium
IN,Pulaski,21.01268602,medium
IN,Tipton,22.74242246,medium
IN,Bartholomew,17.91475236,low
IN,Benton,19.34280517,medium
IN,Blackford,27.46309646,medium
IA,Sioux,6.792344222,low
IA,Audubon,11.21154789,low
IA,Mitchell,13.52061894,low
IA,Pocahontas,13.19488268,low
IA,Wright,15.23773984,low
IA,Worth,14.94170069,low
IA,Grundy,14.57584297,low
IA,Washington,14.29631372,low
IA,Winneshiek,11.2826199,low
IA,Madison,13.98032587,low
IA,Osceola,15.600117,low
IA,Story,9.034551957,low
IA,Keokuk,18.39062469,medium
IA,Kossuth,17.94218921,low
IA,Jackson,17.30923778,low
IA,Webster,18.39428695,medium
IA,Plymouth,16.79596897,low
IA,Lyon,16.00599373,low
IA,Greene,19.472473,medium
IA,Mahaska,17.04586234,low
IA,Scott,14.35286853,low
IA,Tama,16.7043675,low
IA,Sac,22.15553183,medium
IA,Cedar,18.93898165,medium
IA,Shelby,19.39039325,medium
IA,Taylor,16.74987921,low
IA,Marion,14.24768022,low
IA,Buena Vista,11.55842884,low
IA,Franklin,16.66311445,low
IA,Iowa,14.29028999,low
IA,Louisa,14.5656074,low
IA,Jefferson,12.94151773,low
IA,Johnson,8.564636065,low
IA,Davis,13.13019265,low
IA,Bremer,14.08462105,low
IA,Woodbury,15.98467972,low
IA,Marshall,18.18334544,medium
IA,Polk,13.49677237,low
IA,Van Buren,22.44853263,medium
IA,Page,27.76264238,medium
IA,Pottawattamie,19.83514977,medium
IA,Union,22.71236864,medium
IA,Warren,13.57449312,low
IA,Wayne,23.71368841,medium
IA,Wapello,22.38793313,medium
IA,Montgomery,21.49445052,medium
IA,Hardin,22.74969532,medium
IA,Ringgold,29.69264104,medium
IA,Lee,20.35804862,medium
IA,Winnebago,17.81483938,low
IA,Hancock,18.95734597,medium
IA,Poweshiek,17.64750191,low
IA,Muscatine,15.17839267,low
IA,OBrien,19.2087156,medium
IA,Mills,19.29493106,medium
IA,Fremont,21.19432908,medium
IA,Palo Alto,22.85161829,medium
IA,Monona,26.61554077,medium
IA,Monroe,23.7944564,medium
IA,Guthrie,22.50520433,medium
IA,Humboldt,24.18783102,medium
IA,Howard,21.90063125,medium
IA,Dickinson,22.58664094,medium
IA,Lucas,20.91223831,medium
IA,Clayton,15.8013544,low
IA,Jasper,16.6269106,low
IA,Clay,18.81007927,medium
IA,Chickasaw,18.0912126,medium
IA,Delaware,16.84161956,low
IA,Emmet,17.77483827,low
IA,Clinton,17.32162302,low
IA,Dubuque,14.07576071,low
IA,Allamakee,17.23296091,low
IA,Fayette,17.5110439,low
IA,Crawford,14.20785392,low
IA,Ida,23.55374275,medium
IA,Hamilton,22.38550473,medium
IA,Benton,21.06330694,medium
IA,Harrison,20.0169157,medium
IA,Linn,15.92845454,low
IA,Des Moines,22.5846926,medium
IA,Jones,20.85546384,medium
IA,Henry,20.68543083,medium
IA,Appanoose,25.49232044,medium
IA,Black Hawk,15.92612681,low
IA,Decatur,19.73164957,medium
IA,Calhoun,21.99547871,medium
IA,Floyd,18.85488027,medium
IA,Buchanan,18.2056096,medium
IA,Cherokee,21.07263149,medium
IA,Dallas,10.72176766,low
IA,Adair,26.15033662,medium
IA,Boone,16.21924785,low
IA,Butler,20.50839225,medium
IA,Cerro Gordo,23.632884,medium
IA,Clarke,24.65824537,medium
IA,Adams,22.24929809,medium
IA,Cass,21.32356254,medium
IA,Carroll,21.34973411,medium
KY,Boyle,16.36518508,low
KY,Fulton,20.43487979,medium
KY,Scott,12.76939017,low
KY,Oldham,13.35530363,low
KY,Fayette,13.70974582,low
KY,Owen,23.19317672,medium
KY,Nelson,19.50008864,medium
KY,Marshall,26.81928422,medium
KY,Allen,20.54661756,medium
KY,Hancock,19.3258944,medium
KY,Hickman,26.81197025,medium
KY,Hopkins,23.16135015,medium
KY,Jefferson,20.00690777,medium
KY,Larue,23.54476342,medium
KY,Warren,14.50510983,low
KY,Mason,24.20096106,medium
KY,Mercer,27.44893005,medium
KY,Marion,23.37681144,medium
KY,Muhlenberg,27.18628375,medium
KY,Pulaski,25.75845199,medium
KY,Meade,21.66527155,medium
KY,Morgan,22.27205008,medium
KY,Clark,23.61883014,medium
KY,Crittenden,28.89793774,medium
KY,Garrard,24.39647761,medium
KY,Hardin,20.51438047,medium
KY,Kenton,17.60775912,low
KY,Franklin,22.30572434,medium
KY,Graves,20.04792204,medium
KY,Boone,15.22022348,low
KY,Adair,21.01605335,medium
KY,Christian,13.92650329,low
KY,Trigg,22.97562342,medium
KY,McCracken,21.07520294,medium
KY,Lyon,28.51894818,medium
KY,Nicholas,29.42757704,medium
KY,Russell,29.07599202,medium
KY,Pendleton,25.88604632,medium
KY,Pike,30.72675599,medium
KY,Montgomery,27.13467943,medium
KY,Monroe,32.72337465,medium
KY,Perry,33.85260196,medium
KY,Owsley,48.11976475,high
KY,Martin,28.87897086,medium
KY,Menifee,30.71041334,medium
KY,Metcalfe,29.63556268,medium
KY,Leslie,32.70492265,medium
KY,Lincoln,30.1426863,medium
KY,Laurel,26.00476754,medium
KY,Estill,31.73145171,medium
KY,Harrison,28.77666942,medium
KY,Clay,29.94299315,medium
KY,Edmonson,32.4524803,medium
KY,Harlan,34.12077302,high
KY,Grant,20.80494158,medium
KY,Elliott,24.98006909,medium
KY,Henry,23.21280531,medium
KY,Henderson,24.02091029,medium
KY,Jessamine,20.90325278,medium
KY,Green,28.96504281,medium
KY,Caldwell,28.21095525,medium
KY,Daviess,24.75242544,medium
KY,Boyd,25.60597363,medium
KY,Ballard,25.53713935,medium
KY,Campbell,21.12033584,medium
KY,Carter,25.09996206,medium
KY,Calloway,20.18821629,medium
KY,Union,20.9168555,medium
KY,Trimble,23.91519305,medium
KY,Taylor,24.38813321,medium
KY,Spencer,20.43490815,medium
KY,Webster,21.50407366,medium
KY,Woodford,21.65573568,medium
KY,Washington,21.71407573,medium
KY,Shelby,19.82686279,medium
KY,Lee,28.57142857,medium
KY,Jackson,27.83847697,medium
KY,Knox,34.24527225,high
KY,Hart,30.20724327,medium
KY,Lewis,32.70429133,medium
KY,Knott,29.03053299,medium
KY,Lawrence,29.02134962,medium
KY,Letcher,29.90628206,medium
KY,Fleming,26.75751348,medium
KY,Johnson,29.49008179,medium
KY,Greenup,29.8859003,medium
KY,Grayson,27.42706546,medium
KY,Bell,27.50691311,medium
KY,Floyd,35.34984061,high
KY,Bullitt,22.89132724,medium
KY,Cumberland,33.82789318,medium
KY,Gallatin,24.96994359,medium
KY,Breckinridge,28.98261043,medium
KY,Carlisle,31.97376512,medium
KY,Anderson,23.96840528,medium
KY,Clinton,33.31243142,medium
KY,Bracken,31.16758571,medium
KY,Barren,29.65350524,medium
KY,Bath,31.84033875,medium
KY,Breathitt,39.4661525,high
KY,Casey,28.31679413,medium
KY,Butler,28.59162674,medium
KY,Bourbon,28.43705567,medium
KY,Carroll,32.79543845,medium
KY,Rockcastle,29.95221908,medium
KY,Powell,33.0953926,medium
KY,Wayne,28.83099041,medium
KY,Whitley,30.54164214,medium
KY,Wolfe,33.13086692,medium
KY,Ohio,27.77500582,medium
KY,Todd,23.90180879,medium
KY,Rowan,18.17660785,medium
KY,Magoffin,23.47013816,medium
KY,Simpson,22.79864549,medium
KY,McLean,30.72458821,medium
KY,McCreary,32.01984328,medium
KY,Livingston,28.87744327,medium
KY,Logan,26.66805718,medium
KY,Madison,18.593457,medium
LA,Pointe Coupee,15.09773085,low
LA,East Baton Rouge,10.77652122,low
LA,Sabine,15.24743942,low
LA,Winn,15.57696249,low
LA,Lincoln,11.14770712,low
LA,Vermilion,16.06404198,low
LA,St. John the Baptist,13.23407775,low
LA,St. Mary,16.99144713,low
LA,Tangipahoa,14.86961151,low
LA,St. Helena,19.02370353,medium
LA,Concordia,17.22226621,low
LA,Jefferson,15.74827024,low
LA,Claiborne,18.4080701,medium
LA,Lafayette,12.24467827,low
LA,St. Charles,11.31552467,low
LA,Iberville,20.06660663,medium
LA,St. Bernard,16.7863471,low
LA,St. Landry,18.37804207,medium
LA,West Carroll,23.41712643,medium
LA,St. Martin,17.45747538,low
LA,West Baton Rouge,17.25070767,low
LA,Webster,21.69815566,medium
LA,Terrebonne,17.28654395,low
LA,Vernon,15.36899094,low
LA,Tensas,26.05042017,medium
LA,Jefferson Davis,19.99375991,medium
LA,Iberia,15.88566687,low
LA,Orleans,12.53190444,low
LA,Lafourche,14.72736025,low
LA,Rapides,15.76983322,low
LA,St. Tammany,15.20539743,low
LA,Plaquemines,12.65303331,low
LA,Ascension,11.37875998,low
LA,Cameron,15.25732058,low
LA,De Soto,16.3551574,low
LA,Caldwell,27.19510488,medium
LA,Richland,18.23507731,medium
LA,West Feliciana,21.85138457,medium
LA,Washington,19.12828444,medium
LA,Assumption,17.29741063,low
LA,Livingston,15.18248175,low
LA,La Salle,21.96977816,medium
LA,Red River,21.11399261,medium
LA,Evangeline,16.9670507,low
LA,Madison,15.14447485,low
LA,Natchitoches,14.95365392,low
LA,Morehouse,21.59679394,medium
LA,Ouachita,16.65070228,low
LA,Allen,16.20177441,low
LA,Calcasieu,15.58483921,low
LA,Avoyelles,19.88081258,medium
LA,Catahoula,23.54819397,medium
LA,East Feliciana,18.81275177,medium
LA,Beauregard,18.59366284,medium
LA,East Carroll,22.41355747,medium
LA,Grant,18.64534404,medium
LA,Bienville,20.58120154,medium
LA,Acadia,18.21400497,medium
LA,Franklin,19.61515074,medium
LA,Caddo,17.22486665,low
LA,St. James,16.39420614,low
LA,Union,21.15536751,medium
LA,Bossier,13.86471859,low
LA,Jackson,21.28751925,medium
ME,Lincoln,20.69553459,medium
ME,Sagadahoc,17.97763037,low
ME,Franklin,17.91425045,low
ME,Hancock,21.72732211,medium
ME,Cumberland,16.10525232,low
ME,Androscoggin,21.12447794,medium
ME,Oxford,26.75019993,medium
ME,Somerset,25.68130056,medium
ME,Kennebec,20.9301559,medium
ME,Piscataquis,29.95106421,medium
ME,Washington,30.38559572,medium
ME,Penobscot,21.94827042,medium
ME,Knox,22.30752226,medium
ME,Waldo,22.29858725,medium
ME,Aroostook,25.20837569,medium
ME,York,20.99686534,medium
MD,Montgomery,7.025338467,low
MD,Howard,8.053830932,low
MD,Frederick,10.58755213,low
MD,Prince Georges,8.657266019,low
MD,Talbot,18.18337398,medium
MD,Calvert,13.17633372,low
MD,Charles,10.31429081,low
MD,Allegany,22.51183527,medium
MD,Anne Arundel,14.06727308,low
MD,Dorchester,20.01680423,medium
MD,Queen Annes,19.09798737,medium
MD,Baltimore,16.48622655,low
MD,Caroline,18.2021415,medium
MD,Baltimore ,17.54645706,low
MD,Garrett,14.35536295,low
MD,Wicomico,18.52445444,medium
MD,Cecil,20.71728721,medium
MD,Kent,19.51318665,medium
MD,Harford,16.84716438,low
MD,Somerset,19.69434989,medium
MD,St. Marys,14.86771523,low
MD,Carroll,14.34756253,low
MD,Washington,17.774851,low
MD,Worcester,23.06366192,medium
MA,Hampshire,12.4427534,low
MA,Franklin,16.39127263,low
MA,Dukes,18.06119968,low
MA,Barnstable,23.41154009,medium
MA,Suffolk,11.24110771,low
MA,Essex,15.5241395,low
MA,Bristol,16.87413783,low
MA,Berkshire,20.63254377,medium
MA,Norfolk,15.6405787,low
MA,Hampden,16.06521007,low
MA,Worcester,16.00403572,low
MA,Middlesex,12.78783517,low
MA,Nantucket,15.34386702,low
MA,Plymouth,18.12703065,medium
MI,Ottawa,8.831481096,low
MI,Clinton,10.38859012,low
MI,Baraga,13.97493828,low
MI,Leelanau,16.68041256,low
MI,Washtenaw,9.345099195,low
MI,Barry,15.22401773,low
MI,Charlevoix,18.00111363,low
MI,Alcona,29.61139847,medium
MI,Benzie,19.00204902,medium
MI,Houghton,13.82700876,low
MI,Eaton,15.03060326,low
MI,Iron,24.09638554,medium
MI,Alger,21.5945409,medium
MI,Kalamazoo,12.13553967,low
MI,Livingston,12.03786261,low
MI,Alpena,21.9956148,medium
MI,Branch,18.26660058,medium
MI,Berrien,19.56102382,medium
MI,Delta,21.77068215,medium
MI,Cass,18.42723187,medium
MI,Dickinson,19.14665089,medium
MI,Emmet,17.95756918,low
MI,Grand Traverse,17.13957576,low
MI,Calhoun,17.45377129,low
MI,Gratiot,17.80650905,low
MI,Crawford,23.71484347,medium
MI,Gogebic,21.05884921,medium
MI,Allegan,15.16812801,low
MI,Antrim,19.19701149,medium
MI,Ingham,10.61697256,low
MI,Ionia,16.2166545,low
MI,Menominee,18.30530512,medium
MI,Kent,11.40511378,low
MI,Presque Isle,21.78852678,medium
MI,Midland,13.89624298,low
MI,Cheboygan,25.89271003,medium
MI,Genesee,19.44009037,medium
MI,Arenac,36.74830039,high
MI,Kalkaska,23.50880428,medium
MI,Clare,27.72745999,medium
MI,Gladwin,27.31442375,medium
MI,Jackson,18.60752825,medium
MI,Lake,31.54844572,medium
MI,Iosco,28.441186,medium
MI,Macomb,18.28975954,medium
MI,Manistee,20.13587624,medium
MI,Isabella,11.25756633,low
MI,Mackinac,25.04142883,medium
MI,Ogemaw,30.70819585,medium
MI,Lapeer,18.31082628,medium
MI,Wexford,20.17415399,medium
MI,Bay,19.32400162,medium
MI,Montcalm,18.10259407,medium
MI,Shiawassee,22.14652256,medium
MI,Van Buren,19.13728075,medium
MI,Chippewa,17.45402547,low
MI,Monroe,16.30597494,low
MI,Oakland,13.78044948,low
MI,Hillsdale,20.21557471,medium
MI,Roscommon,35.30760285,high
MI,Huron,22.29177031,medium
MI,Muskegon,17.45584528,low
MI,Ontonagon,32.27187407,medium
MI,Lenawee,16.14912377,low
MI,Missaukee,23.74093043,medium
MI,Osceola,24.10862658,medium
MI,Newaygo,20.19258048,medium
MI,Oceana,19.27776681,medium
MI,Luce,19.97627817,medium
MI,Schoolcraft,37.49568306,high
MI,St. Joseph,16.55569315,low
MI,Sanilac,17.91985202,low
MI,Wayne,16.487447,low
MI,Tuscola,20.82423672,medium
MI,Mecosta,20.27458641,medium
MI,St. Clair,17.77702107,low
MI,Otsego,17.29947031,low
MI,Marquette,17.56213722,low
MI,Montmorency,30.59026282,medium
MI,Saginaw,18.04333907,low
MI,Mason,20.14098691,medium
MI,Oscoda,32.30784068,medium
MS,Kemper,13.38292889,low
MS,Oktibbeha,8.180621646,low
MS,Walthall,14.98596768,low
MS,Lafayette,9.391627062,low
MS,Franklin,15.94814281,low
MS,Coahoma,15.79427951,low
MS,Bolivar,15.82001413,low
MS,Greene,14.43522194,low
MS,Carroll,24.28753305,medium
MS,Hinds,14.86020732,low
MS,Madison,11.57708441,low
MS,Neshoba,13.98753344,low
MS,Pike,18.38521547,medium
MS,Newton,17.26955359,low
MS,Lamar,10.30481783,low
MS,Holmes,17.91136061,low
MS,Choctaw,22.97475171,medium
MS,Jackson,18.58255022,medium
MS,DeSoto,15.84709285,low
MS,Copiah,20.41609955,medium
MS,Grenada,20.39746997,medium
MS,George,16.1693871,low
MS,Webster,21.1004707,medium
MS,Sunflower,15.2780456,low
MS,Calhoun,19.14320485,medium
MS,Jasper,21.52201775,medium
MS,Smith,16.8847615,low
MS,Rankin,15.5277846,low
MS,Sharkey,17.54616836,low
MS,Montgomery,18.23720001,medium
MS,Wayne,15.8405773,low
MS,Quitman,17.54106203,low
MS,Noxubee,14.27055509,low
MS,Leflore,13.25802774,low
MS,Adams,16.00927782,low
MS,Chickasaw,22.86162941,medium
MS,Covington,23.37960547,medium
MS,Itawamba,24.73242079,medium
MS,Prentiss,24.4181009,medium
MS,Claiborne,21.42497978,medium
MS,Panola,20.76588795,medium
MS,Perry,20.26073238,medium
MS,Tallahatchie,21.16111302,medium
MS,Pontotoc,19.55939881,medium
MS,Tishomingo,27.29941091,medium
MS,Union,21.56992131,medium
MS,Tippah,21.46410674,medium
MS,Wilkinson,21.0989011,medium
MS,Tunica,18.3011117,medium
MS,Hancock,24.28243671,medium
MS,Simpson,21.30269663,medium
MS,Warren,18.52709588,medium
MS,Marshall,22.2296321,medium
MS,Yazoo,18.3353507,medium
MS,Lee,20.2197305,medium
MS,Scott,21.53094898,medium
MS,Stone,18.65794499,medium
MS,Winston,19.91729991,medium
MS,Yalobusha,30.60074086,medium
MS,Washington,20.16439817,medium
MS,Tate,19.28816805,medium
MS,Forrest,15.92806002,low
MS,Jefferson,19.85138289,medium
MS,Lawrence,23.70679437,medium
MS,Marion,22.61324288,medium
MS,Lauderdale,15.22264394,low
MS,Clarke,18.89254863,medium
MS,Jefferson Davis,22.33945664,medium
MS,Humphreys,21.19717985,medium
MS,Clay,19.400194,medium
MS,Harrison,19.30960194,medium
MS,Jones,17.09596203,low
MS,Benton,19.76570409,medium
MS,Amite,21.95215067,medium
MS,Leake,20.72286219,medium
MS,Lowndes,17.31160213,low
MS,Monroe,22.02508412,medium
MS,Lincoln,18.41513979,medium
MS,Pearl River,22.02026882,medium
MS,Attala,21.35542908,medium
MS,Alcorn,20.7244984,medium
MO,Osage,11.46468729,low
MO,Schuyler,14.36201248,low
MO,Knox,16.10630159,low
MO,Grundy,16.19625116,low
MO,Atchison,15.78947368,low
MO,Taney,18.89201296,medium
MO,Putnam,21.48671542,medium
MO,St. Charles,14.24394126,low
MO,Shannon,18.8720331,medium
MO,St. Genevieve,17.66823966,low
MO,Platte,13.66362709,low
MO,St. Louis,16.32197273,low
MO,Perry,17.1494301,low
MO,Maries,16.10341974,low
MO,Boone,10.1655799,low
MO,Scotland,18.02023181,low
MO,Wright,20.76593512,medium
MO,Texas,20.70683481,medium
MO,Linn,21.89184774,medium
MO,Lewis,19.05139909,medium
MO,Webster,16.39475155,low
MO,Reynolds,22.65504547,medium
MO,Warren,19.9070211,medium
MO,Saline,17.93567302,low
MO,Livingston,18.37329747,medium
MO,Stone,23.61275089,medium
MO,Sullivan,17.57800239,low
MO,Polk,15.8298546,low
MO,Lawrence,19.01220563,medium
MO,Nodaway,13.73505432,low
MO,Greene,14.72990296,low
MO,Cooper,16.56906805,low
MO,Gentry,17.94687724,low
MO,Howard,16.57785672,low
MO,Christian,12.96338687,low
MO,Wayne,31.10001346,medium
MO,Shelby,23.67642223,medium
MO,Washington,24.98958767,medium
MO,St. Louis ,17.64645636,low
MO,Vernon,22.71392961,medium
MO,Miller,20.04393631,medium
MO,Pettis,18.91181421,medium
MO,Pulaski,13.05650523,low
MO,Scott,23.56209487,medium
MO,St. Francois,28.63027682,medium
MO,Mercer,33.79667484,medium
MO,Laclede,21.07647831,medium
MO,Madison,32.72733223,medium
MO,Montgomery,29.97467657,medium
MO,Phelps,17.83731477,low
MO,St. Clair,28.08032675,medium
MO,Ripley,29.5442367,medium
MO,Ray,25.2001575,medium
MO,Oregon,23.01282408,medium
MO,Johnson,13.68243369,low
MO,Moniteau,15.86761872,low
MO,Pike,18.80044516,medium
MO,Lafayette,21.08217759,medium
MO,Newton,18.75489482,medium
MO,Jackson,16.38011639,low
MO,Hickory,31.70726482,medium
MO,Gasconade,21.39790626,medium
MO,Howell,19.03528005,medium
MO,Bates,20.24810022,medium
MO,Holt,24.0373915,medium
MO,Harrison,21.82848385,medium
MO,Douglas,21.21429425,medium
MO,Bollinger,21.38621561,medium
MO,Daviess,18.79518072,medium
MO,Callaway,17.60162257,low
MO,Andrew,16.83656995,low
MO,Cape Girardeau,15.83324366,low
MO,Barton,17.77688334,low
MO,Cole,15.17138187,low
MO,Stoddard,27.67409367,medium
MO,Randolph,20.65536759,medium
MO,Ozark,29.15201921,medium
MO,New Madrid,28.41508219,medium
MO,Macon,23.24002507,medium
MO,Monroe,30.89622098,medium
MO,Morgan,30.46382669,medium
MO,McDonald,19.87686895,medium
MO,Mississippi,29.9018128,medium
MO,Pemiscot,22.38401274,medium
MO,Ralls,26.25854873,medium
MO,Jefferson,19.514667,medium
MO,Lincoln,19.49303507,medium
MO,Marion,22.71207223,medium
MO,Clark,22.90278063,medium
MO,Clinton,24.00772932,medium
MO,Henry,30.05699833,medium
MO,DeKalb,19.7373657,medium
MO,Dent,24.16949501,medium
MO,Crawford,28.53534939,medium
MO,Iron,27.2347048,medium
MO,Jasper,19.82063507,medium
MO,Franklin,21.87619635,medium
MO,Adair,16.22238847,low
MO,Dunklin,28.74995953,medium
MO,Audrain,22.36997452,medium
MO,Cass,18.4242729,medium
MO,Dallas,25.7938922,medium
MO,Camden,26.5229486,medium
MO,Dade,25.31779102,medium
MO,Butler,28.59960091,medium
MO,Buchanan,20.01665816,medium
MO,Cedar,26.55199284,medium
MO,Chariton,27.41820674,medium
MO,Clay,14.86716602,low
MO,Caldwell,20.36299247,medium
MO,Carter,28.78157979,medium
MO,Barry,22.04448464,medium
MO,Carroll,22.00714109,medium
MO,Benton,42.49291785,high
MT,Carbon,11.07863924,low
MT,Gallatin and Yellowstone National Park,5.566950476,low
MT,Stillwater,14.10919663,low
MT,Park,12.96806614,low
MT,Big Horn,7.500412523,low
MT,Sweet Grass,18.66593467,medium
MT,Lewis and Clark,14.76281578,low
MT,Silver Bow,14.85678748,low
MT,Teton,17.83002047,low
MT,Toole,12.72315216,low
MT,Sanders,25.23349747,medium
MT,Yellowstone,14.71805722,low
MT,Beaverhead,14.93683851,low
MT,Cascade,16.126116,low
MT,Madison,15.00075004,low
MT,Powell,22.74582993,medium
MT,Lake,17.05687656,low
MT,Lincoln,32.35910307,medium
MT,Fergus,14.81063545,low
MT,Missoula,10.3313898,low
MT,Musselshell,20.64338552,medium
MT,Glacier,9.920924397,low
MT,Valley,16.38044914,low
MT,Jefferson,13.04788229,low
MT,Ravalli,15.26525801,low
MT,Blaine,10.75750784,low
MT,Dawson,20.14616687,medium
MT,Custer,20.16433937,medium
MT,Pondera,19.69602469,medium
MT,Roosevelt,12.10675308,low
MT,Mineral,22.89530169,medium
MT,Chouteau,15.83476764,low
MT,Hill,12.62350399,low
MT,Flathead,17.20548082,low
MT,Deer Lodge,20.60273973,medium
MT,Richland,14.37587658,low
MT,Rosebud,12.9054461,low
MT,Broadwater,20.16830099,medium
NE,Holt,10.88922162,low
NE,Cherry,11.05544999,low
NE,Box Butte,11.07775872,low
NE,Antelope,13.1270511,low
NE,Thayer,16.38704643,low
NE,Dawes,12.04684886,low
NE,Buffalo,9.279827872,low
NE,Cedar,14.02131239,low
NE,Nuckolls,17.62032829,low
NE,York,13.31885632,low
NE,Red Willow,14.34904984,low
NE,Custer,14.03716154,low
NE,Scotts Bluff,12.29843469,low
NE,Washington,14.75852853,low
NE,Clay,12.138636,low
NE,Otoe,16.16549425,low
NE,Dodge,18.7851881,medium
NE,Hamilton,19.67987405,medium
NE,Valley,20.00381025,medium
NE,Adams,15.82919664,low
NE,Butler,18.7654321,medium
NE,Burt,27.50779387,medium
NE,Cass,20.21214923,medium
NE,Platte,14.58478928,low
NE,Lincoln,16.29973527,low
NE,Sheridan,22.91213197,medium
NE,Wayne,10.66621157,low
NE,Phelps,16.59968548,low
NE,Seward,11.95695496,low
NE,Saunders,15.09188859,low
NE,Webster,18.92358212,medium
NE,Pierce,12.84162921,low
NE,Knox,14.13893864,low
NE,Cuming,14.21432537,low
NE,Colfax,8.618105516,low
NE,Saline,16.52753656,low
NE,Nemaha,23.85618131,medium
NE,Sarpy,10.93234159,low
NE,Polk,20.57613169,medium
NE,Thurston,11.34044001,low
NE,Richardson,28.82560509,medium
NE,Kimball,17.37996959,low
NE,Furnas,18.30054486,medium
NE,Howard,17.55926251,low
NE,Johnson,16.91201906,low
NE,Madison,15.71870355,low
NE,Nance,24.72326797,medium
NE,Keith,22.15330084,medium
NE,Fillmore,20.72835138,medium
NE,Gage,21.06235566,medium
NE,Franklin,34.50564035,high
NE,Kearney,14.06770849,low
NE,Lancaster,10.6644571,low
NE,Merrick,22.50351617,medium
NE,Morrill,15.54637319,low
NE,Cheyenne,12.39652897,low
NE,Dawson,13.23970571,low
NE,Douglas,12.67822377,low
NE,Jefferson,22.00583155,medium
NE,Hall,12.63101405,low
NE,Dixon,17.3424439,low
NE,Dakota,13.29709224,low
NV,White Pine,10.15166589,low
NV,Douglas,16.41345061,low
NV,Washoe,12.20964336,low
NV,Humboldt,9.636515342,low
NV,Lincoln,17.73459789,low
NV,Elko,9.189979859,low
NV,Lyon,19.76557113,medium
NV,Nye,30.36263914,medium
NV,Churchill,17.90285609,low
NV,Mineral,21.54591974,medium
NV,Clark,11.34147266,low
NV,Pershing,13.24025036,low
NV,Carson ,17.29132183,low
NH,Grafton,16.47483136,low
NH,Merrimack,15.89476643,low
NH,Cheshire,17.19374944,low
NH,Hillsborough,14.68766227,low
NH,Coos,21.7988403,medium
NH,Sullivan,20.04249752,medium
NH,Belknap,21.42765027,medium
NH,Rockingham,17.15164029,low
NH,Carroll,22.44234964,medium
NH,Strafford,17.54388723,low
NJ,Union,9.522419087,low
NJ,Hudson,8.230271939,low
NJ,Essex,9.947342803,low
NJ,Morris,12.14326629,low
NJ,Somerset,10.48073074,low
NJ,Ocean,22.84981164,medium
NJ,Cumberland,15.92960926,low
NJ,Sussex,15.88706503,low
NJ,Warren,17.12383424,low
NJ,Atlantic,16.77965312,low
NJ,Burlington,15.65784653,low
NJ,Salem,22.95649556,medium
NJ,Middlesex,11.16429868,low
NJ,Gloucester,17.36233021,low
NJ,Passaic,9.940898069,low
NJ,Camden,15.93773574,low
NJ,Monmouth,15.44886247,low
NJ,Hunterdon,13.0479168,low
NJ,Cape May,27.65805817,medium
NJ,Bergen,12.91031304,low
NJ,Mercer,13.10539209,low
NM,McKinley,2.961971576,low
NM,Taos,8.142481269,low
NM,Los Alamos,8.165066755,low
NM,Santa Fe,8.436464394,low
NM,San Miguel,9.759064261,low
NM,Hidalgo,14.3891362,low
NM,Bernalillo,8.558126898,low
NM,Chaves,12.10952119,low
NM,Lea,9.037298877,low
NM,Catron,18.07092839,medium
NM,Curry,9.27342332,low
NM,Dona Ana,8.513706229,low
NM,Rio Arriba,6.477863924,low
NM,San Juan,8.352838874,low
NM,Socorro,10.49207848,low
NM,Eddy,11.79137685,low
NM,Luna,16.72624709,low
NM,Lincoln,16.35439984,low
NM,Valencia,12.16352837,low
NM,Sandoval,8.31665446,low
NM,Colfax,12.75205228,low
NM,Torrance,17.13335891,low
NM,Cibola,8.114368333,low
NM,Roosevelt,9.909984309,low
NM,Otero,13.95197232,low
NM,Grant,14.07905389,low
NM,Sierra,30.58702186,medium
NM,Quay,18.91789633,medium
NY,Queens,10.15662433,low
NY,Bronx,9.003329728,low
NY,Kings,9.557700756,low
NY,New York,11.21116617,low
NY,Westchester,12.21581045,low
NY,Richmond,16.07624637,low
NY,Suffolk,16.92619495,low
NY,Tompkins,10.59017945,low
NY,Chautauqua,19.81043829,medium
NY,Cattaraugus,19.0993602,medium
NY,Essex,22.41609749,medium
NY,Nassau,14.12745759,low
NY,Dutchess,15.76060189,low
NY,Tioga,18.64046196,medium
NY,Rockland,11.52560415,low
NY,Allegany,21.55636991,medium
NY,Orleans,21.3994467,medium
NY,Cayuga,22.84767958,medium
NY,Chenango,21.50325832,medium
NY,Fulton,25.2333154,medium
NY,Greene,25.11521605,medium
NY,Niagara,23.06537952,medium
NY,Hamilton,36.20221523,high
NY,Saratoga,18.55318743,medium
NY,Franklin,19.73441099,medium
NY,Montgomery,20.85590028,medium
NY,Ontario,19.57777867,medium
NY,Yates,19.61566063,medium
NY,Otsego,16.2991118,low
NY,Delaware,22.28198902,medium
NY,Orange,13.11233823,low
NY,Schenectady,17.54467562,low
NY,Ulster,19.51892635,medium
NY,Lewis,15.04666701,low
NY,Monroe,15.66904403,low
NY,Genesee,20.1935846,medium
NY,Oneida,19.67709864,medium
NY,Columbia,23.72564292,medium
NY,Clinton,23.12310087,medium
NY,Schuyler,23.66680675,medium
NY,Steuben,21.16115697,medium
NY,Cortland,20.27298191,medium
NY,Washington,20.72779004,medium
NY,St. Lawrence,19.03315213,medium
NY,Madison,20.03040828,medium
NY,Herkimer,22.12515974,medium
NY,Sullivan,19.49637887,medium
NY,Putnam,16.4906056,low
NY,Broome,18.03201603,low
NY,Wayne,20.41325898,medium
NY,Wyoming,17.24703934,low
NY,Jefferson,18.30739498,medium
NY,Rensselaer,20.67105676,medium
NY,Chemung,20.01668828,medium
NY,Erie,19.35010009,medium
NY,Seneca,21.49598244,medium
NY,Onondaga,18.92093934,medium
NY,Schoharie,20.04707256,medium
NY,Warren,25.7408221,medium
NY,Albany,17.49289351,low
NY,Oswego,24.08181806,medium
NY,Livingston,17.69872899,low
NC,Watauga,10.26451736,low
NC,Polk,19.20250808,medium
NC,Durham,10.10432718,low
NC,Chatham,16.88857353,low
NC,Orange,10.67695571,low
NC,Catawba,17.66657607,low
NC,Ashe,21.9941349,medium
NC,Clay,22.42152466,medium
NC,Chowan,21.48977143,medium
NC,Gates,15.87767289,low
NC,Brunswick,25.47038578,medium
NC,Camden,16.6544018,low
NC,Duplin,17.85086414,low
NC,Transylvania,24.91274522,medium
NC,Wake,9.138733959,low
NC,Columbus,20.6447234,medium
NC,Forsyth,16.20073251,low
NC,Cleveland,19.25685845,medium
NC,Cumberland,13.13520959,low
NC,Edgecombe,20.58588312,medium
NC,Cherokee,28.74296928,medium
NC,Buncombe,19.10973096,medium
NC,Bladen,21.95608782,medium
NC,Cabarrus,14.26340501,low
NC,Alexander,20.94399102,medium
NC,Avery,21.00168927,medium
NC,Warren,22.97962539,medium
NC,New Hanover,15.73759779,low
NC,Henderson,20.38335704,medium
NC,Perquimans,21.03485564,medium
NC,Moore,20.34696027,medium
NC,Hertford,15.77896303,low
NC,Jackson,15.88995726,low
NC,Union,11.35348908,low
NC,Mecklenburg,9.263890273,low
NC,Alleghany,28.19996338,medium
NC,Carteret,24.68999211,medium
NC,Craven,21.90402477,medium
NC,Franklin,19.49763803,medium
NC,Dare,23.27473223,medium
NC,Gaston,20.40573942,medium
NC,Currituck,20.13380259,medium
NC,Davie,22.71605412,medium
NC,Davidson,23.2429954,medium
NC,Caldwell,22.30330539,medium
NC,Caswell,25.41006589,medium
NC,Burke,22.47929157,medium
NC,Bertie,21.70418006,medium
NC,Beaufort,23.59348177,medium
NC,Alamance,18.41534443,medium
NC,Anson,18.64940682,medium
NC,Wilson,18.74953864,medium
NC,Pamlico,35.0421601,high
NC,Nash,18.66381537,medium
NC,Lenoir,20.35334515,medium
NC,Hoke,12.56731128,low
NC,Stokes,26.36908918,medium
NC,Scotland,24.5754257,medium
NC,Harnett,16.09030489,low
NC,Robeson,17.30000597,low
NC,Jones,22.9296755,medium
NC,Person,20.07469417,medium
NC,Rutherford,22.54405108,medium
NC,Pasquotank,18.44850131,medium
NC,Montgomery,20.31079906,medium
NC,Macon,24.28138251,medium
NC,Hyde,17.52784371,low
NC,Guilford,14.91522754,low
NC,Madison,22.17794986,medium
NC,Northampton,22.91578937,medium
NC,Lincoln,18.58306606,medium
NC,Iredell,15.95243958,low
NC,Pender,19.53260764,medium
NC,Mitchell,24.90924027,medium
NC,Pitt,12.0272906,low
NC,Rowan,20.84941195,medium
NC,Swain,23.09663972,medium
NC,Randolph,21.57569848,medium
NC,Onslow,12.77703452,low
NC,Halifax,21.96725578,medium
NC,Haywood,27.67740447,medium
NC,Greene,20.37202749,medium
NC,Granville,19.65665912,medium
NC,Rockingham,24.82707375,medium
NC,Martin,26.32620404,medium
NC,Graham,24.17311671,medium
NC,McDowell,25.76964602,medium
NC,Yadkin,20.33349042,medium
NC,Stanly,20.05734428,medium
NC,Lee,17.52748705,low
NC,Tyrrell,20.41907725,medium
NC,Vance,19.79004561,medium
NC,Washington,24.99675367,medium
NC,Yancey,24.55047623,medium
NC,Wayne,18.73231775,medium
NC,Surry,25.47142909,medium
NC,Wilkes,22.0234079,medium
NC,Sampson,19.67946985,medium
NC,Richmond,19.983098,medium
NC,Johnston,17.06719402,low
ND,McKenzie,7.201275655,low
ND,Stark,9.096661921,low
ND,Wells,20.51783097,medium
ND,Dickey,14.31866995,low
ND,Emmons,18.88908565,medium
ND,Ward,11.02033832,low
ND,Rolette,19.07616842,medium
ND,Walsh,19.84600967,medium
ND,Ramsey,15.54941258,low
ND,Stutsman,15.5472342,low
ND,Sargent,20.59414097,medium
ND,Richland,17.66979569,low
ND,Pembina,18.16478869,medium
ND,Nelson,27.04895862,medium
ND,Cavalier,16.71367387,low
ND,Traill,14.90942524,low
ND,Williams,10.81777518,low
ND,McLean,22.51735713,medium
ND,Pierce,16.8310814,low
ND,Mountrail,13.23308271,low
ND,Mercer,20.38405411,medium
ND,Morton,13.28418186,low
ND,Ransom,16.25775939,low
ND,Barnes,16.80426682,low
ND,Burleigh,13.12168304,low
ND,McHenry,14.80185696,low
ND,Benson,12.80335215,low
ND,Bottineau,21.63981726,medium
ND,Cass,10.53582533,low
ND,Grand Forks,12.90208403,low
OH,Holmes,9.680055889,low
OH,Geauga,14.18137683,low
OH,Putnam,13.63230386,low
OH,Noble,17.37020596,low
OH,Wayne,13.78188784,low
OH,Huron,16.19931307,low
OH,Fulton,14.75533107,low
OH,Medina,14.67512849,low
OH,Van Wert,16.6816283,low
OH,Fairfield,15.36526157,low
OH,Warren,13.71562054,low
OH,Mahoning,17.29213449,low
OH,Miami,16.96815208,low
OH,Harrison,18.45066396,medium
OH,Delaware,10.19058676,low
OH,Columbiana,19.52971976,medium
OH,Montgomery,18.94016942,medium
OH,Hocking,19.19560603,medium
OH,Knox,18.48943906,medium
OH,Monroe,21.64015513,medium
OH,Union,13.147131,low
OH,Stark,18.77162385,medium
OH,Lake,18.99421129,medium
OH,Portage,16.03477897,low
OH,Hamilton,16.71158657,low
OH,Madison,17.55147748,low
OH,Mercer,15.71037916,low
OH,Greene,14.20654277,low
OH,Hancock,15.0754965,low
OH,Auglaize,15.37480454,low
OH,Defiance,17.20569143,low
OH,Ottawa,19.62583348,medium
OH,Ashland,16.79223359,low
OH,Wood,12.77809329,low
OH,Darke,16.09847026,low
OH,Marion,22.66174746,medium
OH,Pike,26.30741487,medium
OH,Perry,22.79094588,medium
OH,Morrow,23.13634984,medium
OH,Preble,23.70482175,medium
OH,Ross,23.4439226,medium
OH,Morgan,24.11630018,medium
OH,Paulding,21.74257217,medium
OH,Richland,20.03853057,medium
OH,Belmont,20.44045701,medium
OH,Franklin,12.59436626,low
OH,Jefferson,22.86053589,medium
OH,Erie,20.3649246,medium
OH,Henry,18.20684432,medium
OH,Highland,19.42686112,medium
OH,Logan,20.65550328,medium
OH,Jackson,24.53310436,medium
OH,Champaign,20.40732613,medium
OH,Gallia,23.33860759,medium
OH,Hardin,18.35756743,medium
OH,Guernsey,25.8817559,medium
OH,Lorain,17.29973527,low
OH,Trumbull,21.50159,medium
OH,Fayette,23.03809663,medium
OH,Pickaway,20.53524809,medium
OH,Vinton,27.38933946,medium
OH,Lawrence,24.32021397,medium
OH,Allen,18.36370901,medium
OH,Ashtabula,22.68111929,medium
OH,Clinton,20.73875854,medium
OH,Carroll,22.00346591,medium
OH,Adams,25.18405105,medium
OH,Coshocton,19.67632446,medium
OH,Clermont,18.4955136,medium
OH,Cuyahoga,16.98424157,low
OH,Seneca,16.11441233,low
OH,Shelby,14.80457551,low
OH,Tuscarawas,17.70821186,low
OH,Wyandot,17.82916419,low
OH,Summit,16.25652531,low
OH,Clark,22.97792762,medium
OH,Athens,14.37079076,low
OH,Butler,15.58105365,low
OH,Crawford,22.90918213,medium
OH,Brown,27.04344767,medium
OH,Muskingum,22.47373992,medium
OH,Williams,18.34872287,medium
OH,Washington,26.13666587,medium
OH,Sandusky,17.93468952,low
OH,Licking,18.68498013,medium
OH,Lucas,15.94911779,low
OH,Scioto,23.66549986,medium
OH,Meigs,21.87053333,medium
OK,Texas,7.278088289,low
OK,Woods,11.80947382,low
OK,Cleveland,10.83099063,low
OK,Woodward,11.33647606,low
OK,Washita,13.14856144,low
OK,Grant,17.95815749,low
OK,Blaine,15.68174315,low
OK,Delaware,20.24388148,medium
OK,Coal,16.95214551,low
OK,Caddo,16.83284577,low
OK,Ellis,19.47419669,medium
OK,Garfield,15.4917676,low
OK,Alfalfa,17.70092249,low
OK,Beckham,13.75515818,low
OK,Tillman,15.27763144,low
OK,Garvin,21.33810076,medium
OK,Bryan,19.05006623,medium
OK,Custer,14.22416741,low
OK,Comanche,13.41133938,low
OK,Craig,22.78560938,medium
OK,Carter,18.73602021,medium
OK,Haskell,21.03115436,medium
OK,Atoka,22.17933577,medium
OK,Adair,19.67704375,medium
OK,Cherokee,17.17730614,low
OK,Creek,22.10050656,medium
OK,Canadian,11.90810909,low
OK,Choctaw,20.05535277,medium
OK,Grady,15.60177213,low
OK,Noble,15.74169626,low
OK,Jackson,12.33565473,low
OK,Lincoln,17.97307495,low
OK,Pushmataha,20.8618085,medium
OK,Payne,10.75948118,low
OK,Kingfisher,14.70019342,low
OK,Hughes,25.74040652,medium
OK,Harper,22.78848146,medium
OK,Greer,24.64284525,medium
OK,Harmon,28.95403547,medium
OK,Cotton,22.65156562,medium
OK,Jefferson,24.88038278,medium
OK,Le Flore,18.74894838,medium
OK,McCurtain,22.62238164,medium
OK,McIntosh,29.78226748,medium
OK,Marshall,24.65057806,medium
OK,Logan,16.13991454,low
OK,Latimer,22.2570119,medium
OK,McClain,17.50556276,low
OK,Rogers,16.63561352,low
OK,Pontotoc,19.40339768,medium
OK,Ottawa,22.79841041,medium
OK,Kay,21.61147179,medium
OK,Pawnee,24.57002457,medium
OK,Seminole,19.17241707,medium
OK,Osage,17.21983996,low
OK,Pottawatomie,17.64229685,low
OK,Nowata,29.86160296,medium
OK,Okfuskee,20.07536489,medium
OK,Sequoyah,23.08911044,medium
OK,Pittsburg,22.57194808,medium
OK,Stephens,20.21168127,medium
OK,Washington,18.39756444,medium
OK,Tulsa,13.87584349,low
OK,Oklahoma,13.41141689,low
OK,Kiowa,24.9906833,medium
OK,Major,20.69857697,medium
OK,Muskogee,23.67163809,medium
OK,Johnston,19.5514039,medium
OK,Mayes,23.05239046,medium
OK,Love,22.35090928,medium
OK,Murray,18.81304178,medium
OK,Wagoner,15.90428324,low
OK,Okmulgee,21.78749521,medium
OR,Harney,10.5646529,low
OR,Wallowa,12.82574477,low
OR,Benton,8.443028745,low
OR,Deschutes,11.52310325,low
OR,Grant,14.99666741,low
OR,Josephine,23.91682993,medium
OR,Hood River,10.1025056,low
OR,Klamath,17.78036696,low
OR,Clackamas,13.70812884,low
OR,Jefferson,13.75722034,low
OR,Lincoln,20.81764253,medium
OR,Crook,20.82565426,medium
OR,Lake,19.41995656,medium
OR,Wasco,19.6636885,medium
OR,Malheur,10.25755673,low
OR,Columbia,18.63465329,medium
OR,Clatsop,21.35156455,medium
OR,Coos,24.92615943,medium
OR,Yamhill,14.49292347,low
OR,Umatilla,13.07744609,low
OR,Tillamook,19.07864123,medium
OR,Polk,13.5519378,low
OR,Lane,13.34939656,low
OR,Union,12.22872357,low
OR,Linn,16.64932362,low
OR,Curry,24.65430378,medium
OR,Jackson,17.56465161,low
OR,Morrow,11.44717308,low
OR,Marion,14.41475897,low
OR,Baker,21.01839109,medium
OR,Douglas,21.45236608,medium
OR,Multnomah,11.07394747,low
OR,Washington,8.61583325,low
PA,Centre,9.244539243,low
PA,Snyder,12.48068465,low
PA,Union,12.32733964,low
PA,Susquehanna,16.68984701,low
PA,Lancaster,13.32234588,low
PA,Sullivan,22.50008036,medium
PA,Montgomery,14.19853106,low
PA,Potter,18.47629071,medium
PA,Warren,18.94568738,medium
PA,Wayne,20.41858091,medium
PA,Pike,19.66610838,medium
PA,Somerset,16.37593638,low
PA,Cumberland,14.88411825,low
PA,Bedford,18.59268906,medium
PA,Indiana,14.33801169,low
PA,Tioga,18.88474046,medium
PA,Monroe,17.77956451,low
PA,Washington,20.80093219,medium
PA,Montour,18.77216917,medium
PA,Schuylkill,19.9897006,medium
PA,Wyoming,20.28368386,medium
PA,Northumberland,20.15343308,medium
PA,Venango,21.70706803,medium
PA,York,17.41505412,low
PA,Northampton,17.3248767,low
PA,Westmoreland,20.18035633,medium
PA,Cambria,17.59276284,low
PA,Bucks,16.51797928,low
PA,Clarion,17.48665357,low
PA,Elk,19.697922,medium
PA,Clinton,16.18304139,low
PA,Chester,12.66278854,low
PA,Columbia,15.86328731,low
PA,Franklin,17.15720518,low
PA,Huntingdon,16.33140459,low
PA,Philadelphia,15.83831773,low
PA,Perry,19.20256965,medium
PA,Butler,17.37597041,low
PA,Carbon,19.25138369,medium
PA,Armstrong,19.50664931,medium
PA,Cameron,25.14036705,medium
PA,Fayette,21.93539276,medium
PA,Beaver,21.27499902,medium
PA,Allegheny,18.82773808,medium
PA,Adams,18.68471413,medium
PA,Bradford,19.27313669,medium
PA,Forest,24.31249662,medium
PA,Blair,21.46008921,medium
PA,Berks,16.47574161,low
PA,Crawford,19.98809024,medium
PA,Juniata,17.62013917,low
PA,Clearfield,17.81085271,low
PA,Erie,16.52114043,low
PA,Fulton,21.2045273,medium
PA,Luzerne,20.27142088,medium
PA,McKean,19.1589051,medium
PA,Lehigh,15.7192443,low
PA,Mercer,18.6398544,medium
PA,Lawrence,24.04703946,medium
PA,Lackawanna,18.88273088,medium
PA,Greene,19.77805812,medium
PA,Lycoming,18.57122811,medium
PA,Jefferson,17.32414191,low
PA,Delaware,16.70685265,low
PA,Dauphin,15.52400844,low
PA,Lebanon,17.44596838,low
PA,Mifflin,20.41194228,medium
RI,Newport,17.24779898,low
RI,Bristol,16.31986944,low
RI,Washington,17.92665275,low
RI,Kent,23.10285773,medium
RI,Providence,16.66560402,low
SC,Beaufort,15.4766265,low
SC,Edgefield,13.94794268,low
SC,Aiken,15.20044684,low
SC,Jasper,14.0303699,low
SC,Newberry,15.53172381,low
SC,Barnwell,18.35131762,medium
SC,Abbeville,20.06099189,medium
SC,Anderson,16.93633814,low
SC,Allendale,17.02381206,low
SC,Charleston,14.32431318,low
SC,Clarendon,21.68078848,medium
SC,Spartanburg,16.71179613,low
SC,Lexington,14.95252856,low
SC,Orangeburg,16.27795391,low
SC,Greenville,13.49799142,low
SC,Bamberg,22.39399949,medium
SC,Chesterfield,20.73797696,medium
SC,Cherokee,20.52821213,medium
SC,Chester,22.82400839,medium
SC,Colleton,22.88938571,medium
SC,Calhoun,23.5033499,medium
SC,Berkeley,15.47820382,low
SC,Fairfield,20.63676667,medium
SC,Florence,17.291424,low
SC,Georgetown,21.22248016,medium
SC,Sumter,18.35146411,medium
SC,Williamsburg,20.31701984,medium
SC,York,14.7411708,low
SC,Saluda,18.41164883,medium
SC,Richland,11.55410067,low
SC,Marlboro,20.68312577,medium
SC,Union,23.77384589,medium
SC,Greenwood,17.46435787,low
SC,Dorchester,13.82665002,low
SC,Lancaster,19.02958361,medium
SC,Laurens,21.51830258,medium
SC,Marion,20.52108447,medium
SC,Horry,21.92155749,medium
SC,McCormick,28.86836028,medium
SC,Oconee,20.26166493,medium
SC,Hampton,17.58751287,low
SC,Pickens,15.92021473,low
SC,Kershaw,19.32221679,medium
SC,Lee,20.16716338,medium
SC,Dillon,20.36515496,medium
SC,Darlington,20.16158921,medium
SD,Bon Homme,9.75693747,low
SD,Walworth,13.84436024,low
SD,Custer,15.51335088,low
SD,Moody,11.72803309,low
SD,Gregory,15.21925235,low
SD,Charles Mix,13.7442285,low
SD,Beadle,13.59783312,low
SD,Brown,14.29925861,low
SD,Brookings,8.995519994,low
SD,Deuel,15.8110119,low
SD,Day,21.73991811,medium
SD,Butte,18.05904523,low
SD,Codington,15.87891966,low
SD,Union,15.46151283,low
SD,Hutchinson,14.29317501,low
SD,Douglas,23.14972425,medium
SD,Brule,20.44912334,medium
SD,Davison,18.06267749,low
SD,Dewey,12.59974801,low
SD,Clay,15.25706719,low
SD,Turner,16.0182511,low
SD,Tripp,18.98849735,medium
SD,Roberts,13.27684167,low
SD,Fall River,25.94569095,medium
SD,Spink,17.03007633,low
SD,Meade,13.75434445,low
SD,Yankton,13.93851176,low
SD,Pennington,14.42699846,low
SD,Lawrence,14.03867016,low
SD,Kingsbury,24.81985588,medium
SD,Shannon,9.791031415,low
SD,Perkins,22.79584311,medium
SD,Minnehaha,14.38756531,low
SD,McCook,18.83716718,medium
SD,Lincoln,9.711661522,low
SD,Edmunds,21.16295475,medium
SD,Grant,21.47399719,medium
SD,Hamlin,16.09549997,low
SD,Hughes,13.43015183,low
SD,Lake,18.46961424,medium
TN,Williamson,7.8255893,low
TN,Moore,13.97934869,low
TN,Cannon,16.78119349,low
TN,Clay,21.34249499,medium
TN,Fayette,16.87180477,low
TN,Wilson,15.79129431,low
TN,Smith,18.88201851,medium
TN,Van Buren,19.76912486,medium
TN,Weakley,19.543048,medium
TN,Unicoi,21.30020964,medium
TN,Shelby,12.79314059,low
TN,Sumner,16.40659222,low
TN,Knox,16.21251851,low
TN,Cumberland,26.75010315,medium
TN,Haywood,16.04063628,low
TN,Sevier,22.98373314,medium
TN,Warren,20.8653144,medium
TN,Tipton,17.31680642,low
TN,Washington,19.93554175,medium
TN,Sullivan,24.49216468,medium
TN,Wayne,24.89884843,medium
TN,Sequatchie,22.64573073,medium
TN,Obion,24.12812687,medium
TN,Humphreys,24.95949556,medium
TN,Hardin,27.90567881,medium
TN,Davidson,13.15247305,low
TN,Anderson,20.12381442,medium
TN,Bedford,16.98220282,low
TN,DeKalb,23.08992702,medium
TN,Lincoln,19.76990687,medium
TN,Henry,24.05932981,medium
TN,Franklin,21.36772796,medium
TN,Bradley,18.80871689,medium
TN,Carter,20.17449166,medium
TN,Coffee,18.05715385,low
TN,White,26.36962946,medium
TN,Trousdale,26.42422071,medium
TN,Union,28.38359595,medium
TN,Stewart,26.87035807,medium
TN,Carroll,31.13670292,medium
TN,Campbell,33.55620413,medium
TN,Lawrence,24.14551194,medium
TN,Lewis,28.48048249,medium
TN,Marion,26.93555211,medium
TN,Cocke,28.59882768,medium
TN,Claiborne,33.3069495,medium
TN,Decatur,33.22942003,medium
TN,Hawkins,30.70225197,medium
TN,Houston,28.36879433,medium
TN,Benton,35.42497585,high
TN,Giles,22.18562895,medium
TN,Greene,25.92034747,medium
TN,Dickson,21.97759377,medium
TN,Hardeman,24.98583877,medium
TN,Hickman,26.60464357,medium
TN,Lauderdale,22.81751244,medium
TN,Cheatham,19.54226771,medium
TN,Henderson,22.81254259,medium
TN,Grundy,26.06546326,medium
TN,Dyer,22.36958584,medium
TN,Gibson,20.79922653,medium
TN,Bledsoe,21.63631572,medium
TN,Chester,20.10332172,medium
TN,Blount,22.77689341,medium
TN,Jackson,27.30634959,medium
TN,McMinn,23.20062071,medium
TN,Macon,21.58820075,medium
TN,Madison,17.69036549,low
TN,Hamilton,17.74878196,low
TN,Rutherford,12.30717255,low
TN,Crockett,22.80940407,medium
TN,Jefferson,23.37871629,medium
TN,Roane,25.18329735,medium
TN,Loudon,25.84920514,medium
TN,Pickett,26.01600378,medium
TN,Hancock,27.87794309,medium
TN,Fentress,32.11955613,medium
TN,Grainger,29.47922935,medium
TN,Monroe,30.31604034,medium
TN,Putnam,20.13437043,medium
TN,Hamblen,21.88052728,medium
TN,Meigs,27.38660761,medium
TN,Scott,24.24176145,medium
TN,Marshall,23.18270872,medium
TN,Montgomery,11.58137898,low
TN,McNairy,29.29499287,medium
TN,Johnson,26.24465854,medium
TN,Morgan,25.91057151,medium
TN,Overton,32.56943749,medium
TN,Robertson,18.48649815,medium
TN,Rhea,27.92333998,medium
TN,Lake,29.53586498,medium
TN,Polk,32.51760374,medium
TN,Perry,33.0175501,medium
TN,Maury,20.54217651,medium
TX,Maverick,4.375653309,low
TX,Hidalgo,4.580537951,low
TX,Dimmit,6.677920199,low
TX,Brewster,8.676036786,low
TX,Webb,4.121614309,low
TX,Frio,7.11609703,low
TX,Gonzales,10.71425093,low
TX,Fort Bend,6.357941431,low
TX,Bexar,7.674479514,low
TX,Andrews,5.925790865,low
TX,Deaf Smith,7.584535974,low
TX,Castro,8.631413267,low
TX,Cameron,6.449317685,low
TX,El Paso,5.599080028,low
TX,Reeves,5.664423375,low
TX,Denton,7.052597937,low
TX,Gaines,6.430480477,low
TX,Hale,9.743762252,low
TX,Fayette,15.71621015,low
TX,Bee,8.553379196,low
TX,Bandera,17.45610166,low
TX,Brazos,6.223511644,low
TX,Comal,12.73027156,low
TX,Collin,6.934809728,low
TX,Comanche,15.70416901,low
TX,Caldwell,10.93746921,low
TX,Duval,9.448653567,low
TX,Gillespie,16.81800298,low
TX,Floyd,12.09230459,low
TX,Jim Wells,7.156015647,low
TX,Hays,6.733909959,low
TX,Lamb,9.579117524,low
TX,Washington,11.90262956,low
TX,Val Verde,6.857254812,low
TX,Pecos,7.090492409,low
TX,Galveston,12.16829399,low
TX,Grimes,15.52135651,low
TX,Goliad,17.59061834,low
TX,Erath,11.91034052,low
TX,Guadalupe,12.16053496,low
TX,Franklin,16.15235806,low
TX,Garza,10.5168734,low
TX,Dawson,14.36847495,low
TX,Baylor,22.28288118,medium
TX,Brown,16.93829696,low
TX,Brazoria,10.10533716,low
TX,Blanco,18.43051515,medium
TX,Calhoun,16.11588788,low
TX,Callahan,16.97022895,low
TX,Clay,18.48571209,medium
TX,Coleman,20.90906931,medium
TX,Cooke,16.85858204,low
TX,Dallas,8.352127054,low
TX,Fisher,18.50804586,medium
TX,Colorado,16.05918958,low
TX,Ellis,11.52640839,low
TX,Ector,9.110752099,low
TX,Austin,12.69433942,low
TX,Atascosa,9.466826662,low
TX,Lavaca,15.72152741,low
TX,Kendall,13.00616055,low
TX,Hockley,10.83936237,low
TX,Jack,12.6348089,low
TX,Kleberg,9.745170129,low
TX,Wharton,11.57876455,low
TX,Harris,7.754149096,low
TX,Wilson,10.42390549,low
TX,Willacy,7.502424564,low
TX,Williamson,8.327191668,low
TX,Lubbock,9.413173878,low
TX,Ochiltree,7.618322065,low
TX,Somervell,11.09313612,low
TX,Travis,6.261810933,low
TX,Starr,7.246262661,low
TX,Uvalde,10.21314387,low
TX,Crosby,19.69506605,medium
TX,Grayson,18.63182811,medium
TX,DeWitt,20.70979906,medium
TX,Freestone,19.93267637,medium
TX,Gray,16.76519127,low
TX,Gregg,15.16973573,low
TX,Angelina,16.70180434,low
TX,Burleson,20.6358565,medium
TX,Bosque,26.95237671,medium
TX,Bell,12.71841954,low
TX,Childress,16.15958988,low
TX,Coke,25.94995366,medium
TX,Delta,25.53586628,medium
TX,Bowie,18.44364655,medium
TX,Chambers,12.12022448,low
TX,Burnet,21.62017883,medium
TX,Camp,18.26800422,medium
TX,Cherokee,19.45495132,medium
TX,Coryell,12.87857196,low
TX,Eastland,19.27415292,medium
TX,Bastrop,14.58237424,low
TX,Archer,18.65501866,medium
TX,Winkler,9.761861947,low
TX,Smith,15.58427068,low
TX,Houston,20.45222134,medium
TX,Kerr,19.276388,medium
TX,Howard,11.79734778,low
TX,Hood,21.5292252,medium
TX,Karnes,12.36630576,low
TX,Jefferson,13.4990896,low
TX,Jones,14.04593019,low
TX,Swisher,16.45391577,low
TX,Tarrant,9.659434916,low
TX,Hardin,15.78633446,low
TX,Wheeler,15.74972259,low
TX,Yoakum,9.413758208,low
TX,Haskell,17.16502455,low
TX,Hamilton,21.40962947,medium
TX,Hardeman,16.07636272,low
TX,Rockwall,9.508604181,low
TX,Wilbarger,15.71261322,low
TX,Waller,10.48538239,low
TX,Matagorda,15.24381945,low
TX,Medina,13.16899525,low
TX,Live Oak,16.26124183,low
TX,McLennan,12.90463265,low
TX,Llano,28.29945974,medium
TX,Mitchell,12.82961809,low
TX,Milam,18.15505397,medium
TX,Moore,8.752974644,low
TX,Navarro,15.98926317,low
TX,Midland,8.191920718,low
TX,McCulloch,19.63286542,medium
TX,Montgomery,11.15746996,low
TX,Nueces,10.22776006,low
TX,San Patricio,12.43736471,low
TX,Randall,11.88619884,low
TX,Real,22.63521563,medium
TX,Runnels,14.75298457,low
TX,Refugio,13.17740076,low
TX,Taylor,11.76926923,low
TX,Scurry,14.08662117,low
TX,Terry,11.33804702,low
TX,San Saba,14.13189771,low
TX,Fannin,23.89090608,medium
TX,Donley,24.45130116,medium
TX,Falls,18.05304819,low
TX,Cass,25.10777079,medium
TX,Anderson,17.01044829,low
TX,Aransas,27.60000968,medium
TX,Wood,28.10975751,medium
TX,Henderson,27.44344493,medium
TX,Van Zandt,21.40481198,medium
TX,San Augustine,23.77329783,medium
TX,Johnson,15.06454897,low
TX,Hill,19.71577376,medium
TX,Hunt,18.5507811,medium
TX,Knox,19.2153723,medium
TX,Hopkins,18.69845404,medium
TX,Hutchinson,16.94618665,low
TX,Harrison,16.40684159,low
TX,Lampasas,23.11006659,medium
TX,Kaufman,14.59391305,low
TX,Jasper,18.05237445,low
TX,Jackson,18.95991333,medium
TX,Lamar,21.86013561,medium
TX,Wichita,14.38056621,low
TX,Trinity,32.80405778,medium
TX,Ward,14.62955867,low
TX,Wise,16.71399132,low
TX,Liberty,16.55649843,low
TX,Lee,17.82213509,low
TX,Limestone,20.76507383,medium
TX,Leon,23.80699831,medium
TX,Madison,15.7064325,low
TX,Morris,20.49213134,medium
TX,Orange,17.59342035,low
TX,Newton,19.46925128,medium
TX,Marion,25.21372572,medium
TX,Panola,20.0261358,medium
TX,Nolan,18.09665744,medium
TX,Palo Pinto,22.90396694,medium
TX,Polk,27.7807367,medium
TX,Robertson,19.13921386,medium
TX,Rains,28.45101979,medium
TX,Montague,23.33770485,medium
TX,Parker,16.14758064,low
TX,Shelby,20.47434845,medium
TX,Rusk,16.18717167,low
TX,Sabine,31.07913669,medium
TX,Potter,12.61914882,low
TX,San Jacinto,23.48496452,medium
TX,Stephens,20.0876162,medium
TX,Titus,11.5179846,low
TX,Upshur,19.37266181,medium
TX,Victoria,12.88516263,low
TX,Tyler,19.57421424,medium
TX,Tom Green,12.64092577,low
TX,Red River,24.96109959,medium
TX,Walker,11.61770968,low
TX,Nacogdoches,12.2221,low
TX,Young,22.00607368,medium
UT,Cache,2.160753405,low
UT,Box Elder,3.451131971,low
UT,Wasatch,3.699567699,low
UT,Davis,3.345992338,low
UT,Washington,7.532240173,low
UT,Tooele,4.98975206,low
UT,Iron,5.945352303,low
UT,Sanpete,5.404319298,low
UT,Grand,11.74324239,low
UT,Carbon,10.35045064,low
UT,Weber,5.04757917,low
UT,Utah,2.103203429,low
UT,Sevier,7.061203458,low
UT,Salt Lake,4.950340205,low
UT,Uintah,4.72891235,low
UT,Summit,4.320717842,low
UT,Duchesne,6.924043246,low
UT,Millard,8.542276358,low
UT,Emery,6.155858646,low
VT,Addison,12.88855193,low
VT,Windham,15.12343117,low
VT,Washington,16.7654305,low
VT,Chittenden,12.17191715,low
VT,Caledonia,16.48567316,low
VT,Windsor,21.3070738,medium
VT,Rutland,20.05560568,medium
VT,Grand Isle,25.91792657,medium
VT,Franklin,18.59901106,medium
VT,Lamoille,15.37851764,low
VT,Orleans,22.85188565,medium
VT,Orange,16.46614409,low
VT,Essex,23.88406546,medium
VT,Bennington,21.82692467,medium
VA,Fairfax ,7.288938612,low
VA,Falls Church ,6.090487239,low
VA,Loudoun,5.136873602,low
VA,Arlington,5.704665789,low
VA,Alexandria ,6.012956366,low
VA,Isle of Wight,14.07779367,low
VA,Montgomery,9.598109911,low
VA,Powhatan,13.1010826,low
VA,Scott,17.07450776,low
VA,Rappahannock,17.37619461,low
VA,Roanoke,16.22629473,low
VA,Russell,15.5841907,low
VA,James ,14.79537179,low
VA,Fairfax,6.320587867,low
VA,Williamsburg ,9.232858113,low
VA,Grayson,20.11355246,medium
VA,Henrico,13.40214088,low
VA,King William,14.69867712,low
VA,Lee,18.16738545,medium
VA,Greene,15.18934665,low
VA,Fauquier,13.91621619,low
VA,Middlesex,23.92210365,medium
VA,Patrick,18.24878434,medium
VA,Northumberland,25.46273626,medium
VA,Fluvanna,14.71805722,low
VA,Pittsylvania,18.96835382,medium
VA,Nottoway,16.72800268,low
VA,Mathews,24.50257504,medium
VA,Tazewell,18.35489565,medium
VA,Bristol ,11.27779801,low
VA,Floyd,14.61201261,low
VA,Buchanan,13.08750055,low
VA,Clarke,13.97604506,low
VA,Prince William,6.043757336,low
VA,Franklin ,12.98607604,low
VA,Madison,24.12471562,medium
VA,Goochland,20.95072966,medium
VA,Mecklenburg,25.96379278,medium
VA,King George,14.24401086,low
VA,King and Queen,26.66591019,medium
VA,Louisa,23.31885956,medium
VA,Gloucester,23.43134185,medium
VA,Cumberland,22.46456725,medium
VA,Halifax with South Boston ,22.26713713,medium
VA,Lancaster,33.58305347,medium
VA,Giles,24.46207191,medium
VA,Lunenburg,25.55187192,medium
VA,Dickenson,18.99736148,medium
VA,Page,21.42845091,medium
VA,Washington,21.43866669,medium
VA,Nelson,25.3968254,medium
VA,Southampton,20.78841157,medium
VA,Northampton,27.62798748,medium
VA,Prince George,18.12179756,medium
VA,Rockbridge,18.19430447,medium
VA,Wythe,18.17943933,medium
VA,Manassas Park ,6.44297963,low
VA,Bedford  and,18.65724674,medium
VA,York,11.48395965,low
VA,Manassas ,9.286308499,low
VA,Poquoson ,16.64087331,low
VA,Stafford,10.50936424,low
VA,Henry,19.71293045,medium
VA,Suffolk ,12.17127896,low
VA,Alleghany Cnty and Clifton Forge Cty,20.66089023,medium
VA,Radford ,7.822745784,low
VA,Winchester ,14.90927777,low
VA,Chesapeake ,12.76346962,low
VA,Frederick,15.18276613,low
VA,Franklin,18.48928333,medium
VA,Augusta,16.51025841,low
VA,Amherst,18.49329618,medium
VA,Albemarle,12.33508017,low
VA,Harrisonburg ,6.957284542,low
VA,Rockingham,14.89593183,low
VA,Greensville,23.64957499,medium
VA,Prince Edward,17.98451237,low
VA,Richmond,26.18332844,medium
VA,Newport News ,13.54850064,low
VA,Hopewell ,20.78759912,medium
VA,Orange,20.79096559,medium
VA,Colonial Heights ,21.45726808,medium
VA,Smyth,20.94535052,medium
VA,Norfolk ,13.60084924,low
VA,Emporia ,24.74797103,medium
VA,Galax ,33.82789318,medium
VA,Surry,21.01344861,medium
VA,Charlottesville ,10.77094086,low
VA,Pulaski,23.41988593,medium
VA,Buena Vista ,17.27861771,low
VA,Danville ,20.33442006,medium
VA,Warren,17.98487635,low
VA,Waynesboro ,22.18586206,medium
VA,Virginia Beach ,13.30832389,low
VA,Lynchburg ,14.17477344,low
VA,New Kent,18.51202307,medium
VA,Shenandoah,20.72490489,medium
VA,Westmoreland,29.80185181,medium
VA,Spotsylvania,14.94910844,low
VA,Lexington ,16.31137859,low
VA,Roanoke ,18.54966562,medium
VA,Fredericksburg ,15.31675909,low
VA,Covington ,26.16782772,medium
VA,Hampton ,15.18698795,low
VA,Norton ,19.92031873,medium
VA,Martinsville ,22.72142024,medium
VA,Salem ,19.17229132,medium
VA,Petersburg ,23.51822663,medium
VA,Portsmouth ,17.53167417,low
VA,Staunton ,20.58646728,medium
VA,Sussex,25.53617337,medium
VA,Essex,20.9318272,medium
VA,Dinwiddie,21.82910926,medium
VA,Hanover,16.27670397,low
VA,Amelia,21.27826019,medium
VA,Accomack,24.22958444,medium
VA,Appomattox,19.90538479,medium
VA,Bland,19.62227128,medium
VA,Chesterfield,12.59903395,low
VA,Brunswick,20.97135504,medium
VA,Craig,17.94141737,low
VA,Campbell,19.35147202,medium
VA,Carroll,20.27349073,medium
VA,Culpeper,14.85925872,low
VA,Botetourt,17.9707523,low
VA,Charles ,19.94017946,medium
VA,Caroline,15.3947069,low
VA,Charlotte,23.02063636,medium
VA,Buckingham,19.0194421,medium
VA,Bath,26.04751426,medium
VA,Wise,18.20139847,medium
VA,Richmond ,13.89536806,low
WA,Whitman,5.000729273,low
WA,Adams,6.417023743,low
WA,Ferry,13.74897544,low
WA,Kittitas,8.966599417,low
WA,San Juan,17.25285288,low
WA,Whatcom,13.26468016,low
WA,Yakima,10.21105806,low
WA,Stevens,14.78952317,low
WA,Walla Walla,11.81433473,low
WA,Thurston,13.96807509,low
WA,Spokane,13.13432641,low
WA,Island,15.42603218,low
WA,King,9.216732914,low
WA,Grant,11.26472094,low
WA,Franklin,5.702034998,low
WA,Cowlitz,17.95165792,low
WA,Benton,10.4896792,low
WA,Douglas,13.17944204,low
WA,Asotin,15.64677847,low
WA,Grays Harbor,20.89747073,medium
WA,Pend Oreille,21.10898662,medium
WA,Columbia,27.070383,medium
WA,Clallam,22.84148013,medium
WA,Pacific,24.23409757,medium
WA,Snohomish,12.10117139,low
WA,Okanogan,20.27790384,medium
WA,Chelan,13.04888539,low
WA,Skamania,17.04792555,low
WA,Jefferson,21.37032278,medium
WA,Lewis,18.20592692,medium
WA,Mason,23.49886401,medium
WA,Klickitat,17.21121566,low
WA,Clark,12.48223228,low
WA,Lincoln,17.3973556,low
WA,Skagit,17.19137544,low
WA,Kitsap,14.06981315,low
WA,Pierce,13.85866621,low
WV,Calhoun,16.63268591,low
WV,Grant,17.1400168,low
WV,Monongalia,10.76399463,low
WV,Summers,20.02396808,medium
WV,Hardy,16.71421573,low
WV,Preston,18.10297398,medium
WV,Tyler,24.10391465,medium
WV,Nicholas,21.13866967,medium
WV,Marshall,22.36633305,medium
WV,Pocahontas,25.62848023,medium
WV,Mineral,20.56727761,medium
WV,Tucker,23.25581395,medium
WV,Berkeley,18.28781659,medium
WV,Barbour,18.09803898,medium
WV,Pendleton,19.6325901,medium
WV,Greenbrier,27.56727258,medium
WV,Lewis,30.30377086,medium
WV,Fayette,29.48411756,medium
WV,Gilmer,21.14469701,medium
WV,Harrison,24.5903315,medium
WV,Boone,31.66435781,medium
WV,Cabell,21.56608047,medium
WV,Braxton,20.91875157,medium
WV,Jackson,23.08120325,medium
WV,Hampshire,24.96601373,medium
WV,Hancock,22.71618796,medium
WV,Kanawha,22.4983371,medium
WV,McDowell,30.15400805,medium
WV,Mason,25.60762604,medium
WV,Lincoln,29.93166544,medium
WV,Jefferson,17.05573571,low
WV,Ritchie,23.16108937,medium
WV,Morgan,25.06322769,medium
WV,Putnam,20.7010082,medium
WV,Ohio,20.86340986,medium
WV,Clay,31.05799743,medium
WV,Marion,23.80784175,medium
WV,Roane,29.28829444,medium
WV,Pleasants,27.70009322,medium
WV,Mercer,24.83527789,medium
WV,Brooke,27.24204645,medium
WV,Logan,31.56807446,medium
WV,Upshur,23.37491579,medium
WV,Wayne,27.06583911,medium
WV,Webster,27.35280482,medium
WV,Monroe,22.78915591,medium
WV,Mingo,31.92173616,medium
WV,Raleigh,22.97074471,medium
WV,Taylor,21.9138057,medium
WV,Randolph,22.46206103,medium
WV,Wetzel,26.35847526,medium
WV,Doddridge,23.35193704,medium
WV,Wood,23.48362076,medium
WV,Wirt,33.80242826,medium
WV,Wyoming,28.00209564,medium
WI,Pierce,9.599441487,low
WI,Dunn,10.11702325,low
WI,Calumet,10.3816671,low
WI,Shawano,14.0038316,low
WI,Lafayette,13.14547258,low
WI,Brown,11.5987874,low
WI,Bayfield,20.25694333,medium
WI,Dodge,14.48839562,low
WI,Buffalo,15.13454611,low
WI,Barron,16.94115156,low
WI,Dane,10.70073782,low
WI,Door,19.97230119,medium
WI,Green,14.32268355,low
WI,Jackson,15.39810935,low
WI,Kewaunee,12.77252139,low
WI,Clark,14.2789148,low
WI,Ashland,19.51120627,medium
WI,Chippewa,16.90190588,low
WI,Crawford,20.35835612,medium
WI,Columbia,15.9165578,low
WI,Washington,15.55435141,low
WI,Florence,21.14553645,medium
WI,Fond du Lac,15.20671133,low
WI,Manitowoc,17.26686594,low
WI,Eau Claire,12.76959664,low
WI,Kenosha,15.12498958,low
WI,Jefferson,13.81473588,low
WI,Grant,12.5300683,low
WI,Marathon,13.7324423,low
WI,Pepin,18.69827041,medium
WI,Ozaukee,13.28815966,low
WI,Vernon,14.35268092,low
WI,Portage,11.51563971,low
WI,Taylor,13.16422866,low
WI,Outagamie,10.29733556,low
WI,Burnett,30.4589854,medium
WI,Douglas,20.50037461,medium
WI,Adams,37.24061019,high
WI,Green Lake,18.34549256,medium
WI,Iron,27.84642696,medium
WI,Iowa,15.94747512,low
WI,Forest,25.22793662,medium
WI,Marquette,26.65575804,medium
WI,Lincoln,19.73543082,medium
WI,Juneau,22.41643064,medium
WI,Menominee,15.92075004,low
WI,Oconto,18.57823144,medium
WI,La Crosse,13.50556041,low
WI,Langlade,24.1780001,medium
WI,Vilas,30.35155668,medium
WI,Polk,16.44645662,low
WI,Price,25.66674534,medium
WI,Sawyer,27.37047898,medium
WI,Monroe,18.3597991,medium
WI,Sheboygan,13.87162661,low
WI,Milwaukee,14.14956788,low
WI,Rusk,23.33591059,medium
WI,Sauk,15.98604854,low
WI,Racine,17.72111397,low
WI,Walworth,14.5093562,low
WI,Trempealeau,13.85803664,low
WI,Winnebago,14.5537575,low
WI,Waupaca,16.26677511,low
WI,Marinette,23.97610251,medium
WI,Wood,16.88283043,low
WI,Rock,17.41782051,low
WI,Oneida,27.26136409,medium
WI,Waushara,21.56602522,medium
WI,Washburn,25.31063046,medium
WI,St. Croix,11.47994912,low
WI,Richland,17.01895912,low
WI,Waukesha,14.01168278,low
WY,Teton,4.190931871,low
WY,Park,9.220394963,low
WY,Platte,10.57325426,low
WY,Fremont,9.119972244,low
WY,Uinta,6.943305978,low
WY,Converse,9.616336459,low
WY,Carbon,11.756888,low
WY,Campbell,7.819128583,low
WY,Weston,15.69902722,low
WY,Goshen,11.87630825,low
WY,Lincoln,10.0066001,low
WY,Laramie,10.92360075,low
WY,Crook,13.06015835,low
WY,Hot Springs,16.05204241,low
WY,Washakie,10.68687457,low
WY,Albany,6.439014092,low
WY,Johnson,21.05066193,medium
WY,Big Horn,13.76762928,low
WY,Sheridan,11.9018167,low
WY,Natrona,11.9495256,low
WY,Sweetwater,7.992994903,low
